customer_id,name,segment,region,signup_date,street_address,latitude,longitude
CUST-00001,Silverline Hardware Group,smb,South,2023-02-20,"3554 Warehouse Pkwy, Dallas, TX 97082",32.6962,-96.7967
CUST-00002,Redwood Trading Partners,enterprise,South,2025-03-31,"3701 Industrial Rd, Houston, TX 78345",29.6822,-95.3513
CUST-00003,Ironwood Provisions LLC,enterprise,West,2026-04-14,"6349 Warehouse Blvd, Seattle, WA 56442",47.5668,-122.2215
CUST-00004,Coastal Logistics Partners,smb,Midwest,2024-03-27,"4403 Ironwood Ave, Columbus, OH 38148",40.0027,-82.8637
CUST-00005,Harborview Provisions Inc.,mid-market,West,2024-05-06,"5817 Ironwood St, Denver, CO 71197",39.6502,-104.8348
CUST-00006,Silverline Hardware Group,enterprise,South,2025-10-20,"5638 Lakeshore Blvd, Charlotte, NC 46690",35.1961,-80.8196
CUST-00007,Cascade Provisions Group,mid-market,South,2026-03-23,"2094 Commerce Rd, Charlotte, NC 18815",35.2671,-80.6831
CUST-00008,Blue Ridge Contractors Group,reseller,South,2022-09-17,"3021 Warehouse Blvd, Dallas, TX 62528",32.6068,-96.7418
CUST-00009,Timberline Outfitters Group,reseller,West,2026-06-01,"6200 Riverside St, Portland, OR 69072",45.3752,-122.5892
CUST-00010,Blue Ridge Logistics Group,reseller,West,2023-03-07,"1751 Cedar Way, San Francisco, CA 56246",37.8349,-122.5398
CUST-00011,Northwind Hardware Inc.,mid-market,Northeast,2024-04-01,"7116 Lakeshore Way, New York, NY 35693",40.7284,-73.9245
CUST-00012,Redwood Industrial LLC,smb,Midwest,2025-10-18,"9805 Cedar Blvd, Minneapolis, MN 12932",45.1463,-93.4278
CUST-00013,Harborview Distributors,mid-market,West,2023-06-19,"9154 Ironwood St, Denver, CO 89358",39.6881,-105.0395
CUST-00014,Harborview Trading Partners,smb,West,2023-06-07,"9117 Cascade Blvd, Los Angeles, CA 58375",34.0481,-118.1306
CUST-00015,Redwood Distributors Partners,reseller,West,2023-05-30,"1604 Meridian St, Phoenix, AZ 24642",33.3809,-111.9727
CUST-00016,Copper Creek Hardware,enterprise,South,2022-11-03,"661 Warehouse Rd, Houston, TX 84057",29.6015,-95.3905
CUST-00017,Silverline Supply,reseller,West,2023-01-18,"4962 Commerce Blvd, San Francisco, CA 64667",37.8926,-122.441
CUST-00018,Coastal Provisions Partners,reseller,Northeast,2023-03-22,"1316 Harbor Way, New York, NY 72191",40.8303,-74.0861
CUST-00019,Coastal Logistics LLC,smb,Midwest,2025-05-20,"7373 Ironwood Ave, Columbus, OH 69674",39.7868,-83.1648
CUST-00020,Anchor Provisions LLC,smb,West,2024-10-31,"3780 Industrial Blvd, San Francisco, CA 70345",37.6251,-122.356
CUST-00021,Coastal Hardware LLC,reseller,South,2023-12-20,"9146 Commerce Rd, Dallas, TX 54550",32.6791,-96.9117
CUST-00022,Silverline Outfitters LLC,enterprise,Midwest,2025-11-25,"1374 Riverside Rd, Chicago, IL 66184",41.747,-87.497
CUST-00023,Blue Ridge Logistics Partners,smb,Northeast,2024-09-04,"9252 Industrial Pkwy, New York, NY 26435",40.8646,-74.1177
CUST-00024,Redwood Supply Group,mid-market,Midwest,2024-02-18,"3955 Cascade Pkwy, Chicago, IL 89573",41.741,-87.7996
CUST-00025,Granite Works Partners,enterprise,Midwest,2023-08-13,"9463 Riverside Way, Kansas City, MO 62539",39.0531,-94.5494
CUST-00026,Meridian Provisions,mid-market,West,2025-03-04,"3621 Ironwood St, Denver, CO 44843",39.8427,-105.1035
CUST-00027,Redwood Supply Inc.,smb,West,2023-03-28,"1858 Summit St, Denver, CO 89397",39.7614,-104.9071
CUST-00028,Highland Industrial Group,reseller,Midwest,2023-01-17,"4483 Industrial Blvd, Columbus, OH 65521",40.0523,-83.1298
CUST-00029,Ironwood Trading Group,smb,Midwest,2025-08-02,"3864 Foundry Ave, Kansas City, MO 22923",39.0884,-94.6635
CUST-00030,Harborview Outfitters LLC,enterprise,South,2025-05-09,"5683 Summit Rd, Atlanta, GA 24320",33.8582,-84.4351
CUST-00031,Copper Creek Hardware LLC,reseller,Midwest,2022-11-15,"4636 Cascade Pkwy, Chicago, IL 93390",41.9467,-87.5897
CUST-00032,Harborview Provisions Partners,smb,Northeast,2024-06-23,"7720 Meridian Ave, New York, NY 32125",40.6639,-73.8285
CUST-00033,Granite Contractors Holdings,smb,Midwest,2026-06-01,"6189 Riverside Pkwy, Chicago, IL 14002",41.7188,-87.5944
CUST-00034,Granite Trading Group,smb,South,2026-05-28,"318 Summit Pkwy, Miami, FL 42071",25.9195,-80.2426
CUST-00035,Copper Creek Industrial LLC,mid-market,Northeast,2025-05-28,"2426 Cedar Way, Boston, MA 76504",42.1859,-71.1328
CUST-00036,Anchor Works Co.,reseller,Midwest,2024-05-25,"4958 Meridian Rd, Columbus, OH 19597",39.7917,-83.161
CUST-00037,Anchor Works Co.,smb,West,2023-11-02,"3861 Foundry Blvd, San Francisco, CA 66062",37.7132,-122.249
CUST-00038,Cascade Provisions Co.,smb,West,2024-07-25,"4951 Lakeshore St, Portland, OR 52165",45.3857,-122.536
CUST-00039,Highland Logistics Company,mid-market,Midwest,2023-09-16,"3476 Summit St, Minneapolis, MN 21306",45.0768,-93.1672
CUST-00040,Cascade Provisions Co.,reseller,West,2024-08-05,"9758 Commerce Rd, Seattle, WA 71496",47.5229,-122.3837
CUST-00041,Timberline Distributors,smb,South,2025-03-28,"802 Lakeshore Way, Charlotte, NC 63272",35.1314,-80.8412
CUST-00042,Timberline Industrial Inc.,reseller,Midwest,2022-09-04,"5512 Meridian St, Columbus, OH 56458",40.0299,-82.8899
CUST-00043,Blue Ridge Logistics LLC,smb,South,2025-07-20,"5928 Cedar Ave, Charlotte, NC 81837",35.3233,-80.9389
CUST-00044,Timberline Distributors LLC,enterprise,Northeast,2026-02-01,"1280 Summit Ave, Philadelphia, PA 71300",40.0922,-75.2049
CUST-00045,Ironwood Trading Partners,reseller,West,2024-03-05,"513 Harbor Way, Seattle, WA 18290",47.6632,-122.274
CUST-00046,Harborview Supply Inc.,smb,Northeast,2023-04-26,"5975 Industrial Rd, Philadelphia, PA 20937",39.9926,-75.2328
CUST-00047,Cascade Hardware LLC,reseller,Midwest,2025-07-30,"5375 Meridian Way, Chicago, IL 78201",41.7757,-87.6717
CUST-00048,Cascade Trading,mid-market,Midwest,2022-11-17,"1401 Riverside Ave, Minneapolis, MN 85196",45.1291,-93.1766
CUST-00049,Ironwood Industrial Co.,smb,Midwest,2023-10-13,"5330 Meridian Ave, Chicago, IL 39326",41.9379,-87.5986
CUST-00050,Silverline Hardware,mid-market,West,2024-06-08,"4250 Industrial Way, Portland, OR 12274",45.5287,-122.7722
CUST-00051,Anchor Trading Inc.,mid-market,West,2026-02-24,"1912 Industrial St, San Francisco, CA 45103",37.7175,-122.5196
CUST-00052,Cascade Logistics,reseller,West,2022-10-20,"6872 Lakeshore Pkwy, Portland, OR 18172",45.4936,-122.7385
CUST-00053,Harborview Contractors Inc.,mid-market,Midwest,2023-09-20,"6240 Warehouse Ave, Chicago, IL 75441",41.8223,-87.6035
CUST-00054,Ironwood Outfitters Partners,smb,West,2024-06-20,"5688 Industrial Way, Seattle, WA 54307",47.6304,-122.4952
CUST-00055,Ironwood Distributors Inc.,mid-market,Midwest,2025-12-17,"7742 Harbor Blvd, Kansas City, MO 32668",39.1838,-94.4122
CUST-00056,Northwind Industrial Inc.,enterprise,Midwest,2024-03-23,"7699 Riverside Way, Minneapolis, MN 28088",45.0324,-93.2938
CUST-00057,Northwind Hardware,smb,West,2023-12-26,"9977 Commerce Way, San Francisco, CA 89643",37.8747,-122.57
CUST-00058,Harborview Hardware Partners,smb,South,2023-04-11,"7334 Warehouse Pkwy, Atlanta, GA 17083",33.6567,-84.3867
CUST-00059,Harborview Industrial Inc.,smb,West,2024-01-19,"4706 Meridian Pkwy, Phoenix, AZ 96195",33.6056,-111.9277
CUST-00060,Coastal Hardware Group,smb,South,2025-04-15,"1590 Industrial Rd, Charlotte, NC 12462",35.1811,-80.8356
CUST-00061,Northwind Provisions Group,reseller,Midwest,2024-12-22,"3419 Lakeshore Ave, Chicago, IL 97896",41.8286,-87.6276
CUST-00062,Granite Outfitters,mid-market,West,2023-01-06,"2723 Meridian Rd, Seattle, WA 69615",47.4605,-122.1906
CUST-00063,Anchor Trading Inc.,enterprise,West,2023-12-16,"9416 Lakeshore Blvd, Los Angeles, CA 78716",34.2186,-118.3885
CUST-00064,Cascade Supply Co.,reseller,West,2022-09-10,"5954 Harbor Blvd, Denver, CO 93606",39.6728,-104.844
CUST-00065,Anchor Logistics LLC,mid-market,West,2026-04-29,"9114 Warehouse Rd, Seattle, WA 66950",47.5458,-122.4737
CUST-00066,Granite Hardware LLC,smb,Northeast,2023-07-11,"8441 Foundry Pkwy, Philadelphia, PA 82737",40.0817,-75.26
CUST-00067,Anchor Outfitters,smb,South,2023-09-20,"9222 Meridian Blvd, Dallas, TX 71305",32.6915,-96.838
CUST-00068,Granite Hardware Co.,reseller,Midwest,2022-09-28,"3518 Warehouse Ave, Columbus, OH 75228",39.9997,-83.0238
CUST-00069,Summit Trading LLC,smb,South,2025-11-17,"3510 Warehouse Blvd, Atlanta, GA 85702",33.9012,-84.4211
CUST-00070,Highland Logistics Inc.,reseller,South,2024-04-08,"432 Cascade Ave, Atlanta, GA 61841",33.8012,-84.2712
CUST-00071,Highland Distributors Inc.,smb,Northeast,2022-11-14,"9072 Ironwood St, New York, NY 39085",40.7515,-73.985
CUST-00072,Granite Hardware Co.,smb,Midwest,2025-01-12,"221 Meridian Ave, Columbus, OH 51064",39.8324,-83.0679
CUST-00073,Copper Creek Provisions Co.,mid-market,Northeast,2022-12-16,"3205 Industrial St, Boston, MA 96493",42.3961,-70.9773
CUST-00074,Northwind Contractors LLC,reseller,Northeast,2023-11-30,"7220 Riverside Blvd, New York, NY 23217",40.754,-74.1694
CUST-00075,Coastal Distributors LLC,enterprise,West,2023-07-05,"9027 Industrial Pkwy, Portland, OR 47959",45.5468,-122.6207
CUST-00076,Timberline Contractors Group,smb,Midwest,2025-09-18,"1565 Ironwood St, Kansas City, MO 79191",39.022,-94.529
CUST-00077,Silverline Logistics Partners,smb,West,2024-09-03,"9891 Ironwood Ave, Portland, OR 79635",45.6855,-122.8198
CUST-00078,Anchor Provisions Inc.,reseller,South,2024-05-10,"7075 Lakeshore Rd, Dallas, TX 42239",32.732,-96.8283
CUST-00079,Summit Hardware,mid-market,Midwest,2025-01-20,"4736 Foundry Ave, Chicago, IL 88140",41.8571,-87.5863
CUST-00080,CASCADE INDUSTRIAL,reseller,South,2024-11-05,"1321 Industrial Blvd, Charlotte, NC 66557",35.17,-80.9154
CUST-00081,Anchor Distributors Co.,mid-market,South,2024-03-26,"7745 Warehouse Pkwy, Houston, TX 17464",29.8693,-95.5251
CUST-00082,Summit Contractors LLC,mid-market,West,2025-08-17,"7882 Lakeshore Way, Los Angeles, CA 24003",34.1853,-118.1315
CUST-00083,Coastal Outfitters Co.,reseller,Midwest,2025-01-09,"7632 Cascade Rd, Columbus, OH 48005",40.0577,-82.9768
CUST-00084,Coastal Industrial Co.,smb,South,2026-05-02,"7547 Warehouse Blvd, Miami, FL 20235",25.8451,-80.0751
CUST-00085,Anchor Hardware Co.,reseller,West,2023-12-27,"1387 Commerce Way, San Francisco, CA 16702",37.8933,-122.3422
CUST-00086,Anchor Trading,reseller,West,2026-02-09,"4951 Cascade Blvd, Portland, OR 12196",45.3917,-122.7973
CUST-00087,Blue Ridge Hardware Co.,reseller,South,2023-06-07,"630 Summit Blvd, Charlotte, NC 20703",35.3973,-80.9273
CUST-00088,Anchor Industrial Inc.,reseller,West,2022-09-05,"3958 Lakeshore St, Phoenix, AZ 23756",33.5751,-112.1623
CUST-00089,Summit Distributors LLC,smb,South,2024-10-18,"2264 Meridian Blvd, Dallas, TX 43611",32.714,-96.7908
CUST-00090,Anchor Contractors Inc.,smb,West,2026-03-31,"8183 Industrial Rd, Portland, OR 36443",45.5395,-122.7617
CUST-00091,Blue Ridge Works Inc.,enterprise,South,2024-12-12,"1663 Cascade Blvd, Atlanta, GA 58983",33.6262,-84.3585
CUST-00092,Coastal Hardware Co.,reseller,West,2026-06-01,"6203 Ironwood St, Phoenix, AZ 38892",33.3098,-112.1404
CUST-00093,Northwind Contractors LLC,enterprise,West,2023-12-18,"1474 Cedar St, Los Angeles, CA 49029",34.1982,-118.3482
CUST-00094,Anchor Provisions Group,enterprise,South,2023-09-19,"4924 Warehouse Rd, Miami, FL 84937",25.6385,-80.0238
CUST-00095,Coastal Provisions LLC,smb,Northeast,2023-08-05,"2027 Summit Way, New York, NY 38245",40.6884,-73.9574
CUST-00096,Copper Creek Contractors Inc.,smb,Midwest,2026-02-11,"496 Cedar Ave, Chicago, IL 85142",41.7051,-87.6732
CUST-00097,Timberline Logistics Partners,enterprise,West,2024-06-01,"9749 Summit Pkwy, San Francisco, CA 76587",37.9054,-122.5698
CUST-00098,Ironwood Contractors Co.,enterprise,Midwest,2024-10-25,"6208 Meridian St, Columbus, OH 42512",40.1379,-82.9927
CUST-00099,Ironwood Works,smb,West,2023-02-27,"4540 Cascade Rd, Los Angeles, CA 12588",33.8747,-118.1484
CUST-00100,Coastal Hardware Inc.,reseller,Midwest,2026-04-16,"6433 Lakeshore Pkwy, Columbus, OH 58643",39.831,-82.862
CUST-00101,Coastal Trading Co.,smb,South,2024-10-20,"6723 Ironwood Rd, Charlotte, NC 61639",35.0861,-80.8114
CUST-00102,Cascade Provisions Partners,enterprise,Northeast,2024-03-08,"7252 Riverside Way, Boston, MA 36251",42.2153,-70.9136
CUST-00103,Highland Outfitters LLC,enterprise,West,2024-02-07,"7111 Cedar St, Portland, OR 58704",45.539,-122.6204
CUST-00104,Cascade Contractors Co.,reseller,Midwest,2023-11-02,"5136 Commerce Pkwy, Minneapolis, MN 94896",44.8001,-93.2187
CUST-00105,Summit Supply,enterprise,South,2023-04-06,"7821 Harbor Blvd, Dallas, TX 13377",32.7473,-96.7982
CUST-00106,Silverline Supply LLC,enterprise,Northeast,2023-09-28,"478 Meridian Way, Philadelphia, PA 70809",40.0495,-75.247
CUST-00107,Meridian Hardware LLC,enterprise,Midwest,2022-09-05,"9194 Cascade Way, Kansas City, MO 73005",39.0317,-94.6974
CUST-00108,Coastal Supply Inc.,smb,West,2024-02-13,"1965 Cedar Way, Los Angeles, CA 87304",34.1945,-118.3924
CUST-00109,Summit Contractors Group,reseller,Midwest,2025-01-23,"9141 Cascade Pkwy, Chicago, IL 93825",42.0321,-87.7572
CUST-00110,Coastal Supply Inc.,smb,West,2025-06-22,"9098 Meridian St, Denver, CO 55643",39.7768,-105.0152
CUST-00111,Anchor Supply LLC,smb,West,2026-02-02,"5305 Lakeshore Rd, Los Angeles, CA 51220",33.9716,-118.0659
CUST-00112,Copper Creek Supply Co.,reseller,Midwest,2024-07-30,"3847 Lakeshore Rd, Chicago, IL 45196",41.8887,-87.623
CUST-00113,Silverline Hardware,smb,South,2023-09-27,"6039 Cascade Way, Miami, FL 62117",25.6809,-80.1101
CUST-00114,Redwood Contractors,smb,Midwest,2025-01-24,"3012 Industrial Rd, Columbus, OH 90572",39.8688,-83.1128
CUST-00115,Timberline Provisions Co.,smb,South,2026-05-25,"7773 Lakeshore Rd, Houston, TX 35039",29.7003,-95.4431
CUST-00116,Copper Creek Hardware Co.,mid-market,Northeast,2026-05-28,"766 Harbor Blvd, Boston, MA 88982",42.2684,-71.2272
CUST-00117,Harborview Outfitters LLC,mid-market,West,2025-09-01,"538 Lakeshore Rd, Portland, OR 11929",45.6771,-122.7767
CUST-00118,Highland Industrial Partners,enterprise,Midwest,2025-04-18,"5809 Ironwood Ave, Kansas City, MO 25193",38.9738,-94.684
CUST-00119,Summit Supply Partners,enterprise,Midwest,2025-12-29,"6324 Industrial St, Kansas City, MO 95851",38.9305,-94.7035
CUST-00120,Ironwood Outfitters Group,enterprise,West,2023-02-03,"1449 Harbor Pkwy, Phoenix, AZ 21631",33.5939,-111.9402
CUST-00121,Copper Creek Supply Partners,mid-market,West,2025-10-28,"2818 Cedar St, Portland, OR 36293",45.5964,-122.6692
CUST-00122,Harborview Works LLC,enterprise,Midwest,2025-05-10,"6814 Summit Pkwy, Columbus, OH 20177",39.8409,-83.0061
CUST-00123,Highland Provisions,smb,West,2025-02-18,"7900 Meridian Way, Los Angeles, CA 56746",34.1232,-118.1368
CUST-00124,Harborview Industrial Group,enterprise,West,2023-12-21,"3430 Cedar Ave, Phoenix, AZ 64343",33.6212,-112.1401
CUST-00125,Copper Creek Contractors Partners,reseller,South,2025-11-09,"4542 Commerce St, Houston, TX 32402",29.7136,-95.5329
CUST-00126,Ironwood Logistics LLC,reseller,South,2024-06-06,"6764 Summit Ave, Atlanta, GA 49749",33.6773,-84.5152
CUST-00127,Harborview Logistics LLC,smb,West,2023-12-24,"2355 Foundry Blvd, Seattle, WA 64085",47.5972,-122.4163
CUST-00128,Granite Contractors Co.,reseller,West,2024-01-31,"1729 Harbor Pkwy, Portland, OR 99743",45.4731,-122.6814
CUST-00129,Highland Supply Partners,reseller,West,2023-07-26,"8519 Lakeshore Ave, Portland, OR 64773",45.6437,-122.5233
CUST-00130,Copper Creek Hardware,enterprise,South,2022-11-18,"9728 Summit Pkwy, Charlotte, NC 53228",35.1333,-80.7951
CUST-00131,Timberline Industrial Inc.,reseller,South,2026-03-06,"3841 Lakeshore Pkwy, Charlotte, NC 74864",35.0819,-80.7146
CUST-00132,Summit Works Group,enterprise,Northeast,2024-02-17,"2471 Harbor Pkwy, Philadelphia, PA 44186",39.7963,-75.064
CUST-00133,Copper Creek Logistics Co.,enterprise,Midwest,2024-03-16,"8789 Foundry Ave, Minneapolis, MN 66247",45.0316,-93.0942
CUST-00134,Granite Hardware Partners,smb,West,2022-12-03,"6589 Meridian Rd, Los Angeles, CA 73349",33.9756,-118.3069
CUST-00135,Granite Works Group,smb,Midwest,2024-12-25,"5983 Cascade St, Columbus, OH 62322",39.8925,-82.9224
CUST-00136,Anchor Trading,reseller,Northeast,2023-10-23,"9582 Cascade St, New York, NY 17837",40.8915,-74.047
CUST-00137,Meridian Outfitters LLC,mid-market,West,2025-01-08,"6088 Warehouse St, Seattle, WA 10957",47.5675,-122.2335
CUST-00138,Coastal Logistics Group,mid-market,Midwest,2024-07-18,"1648 Industrial Ave, Chicago, IL 61332",41.86,-87.5001
CUST-00139,Coastal Provisions,smb,Northeast,2025-04-22,"3299 Cedar Pkwy, New York, NY 93525",40.6194,-73.9552
CUST-00140,Cascade Trading LLC,smb,South,2025-12-06,"731 Summit Pkwy, Atlanta, GA 95236",33.9211,-84.2856
CUST-00141,Meridian Trading Group,enterprise,Northeast,2026-05-10,"7945 Summit Way, Boston, MA 90830",42.4005,-71.0958
CUST-00142,Granite Contractors LLC,mid-market,Midwest,2023-09-13,"6237 Cedar Rd, Minneapolis, MN 18688",44.9789,-93.4261
CUST-00143,Highland Hardware LLC,smb,Midwest,2022-11-14,"2152 Cedar Pkwy, Chicago, IL 22031",41.7142,-87.7306
CUST-00144,Cascade Outfitters,reseller,South,2024-04-18,"2195 Foundry St, Charlotte, NC 14250",35.293,-80.8895
CUST-00145,Coastal Distributors Co.,mid-market,South,2023-05-31,"9969 Foundry Way, Houston, TX 40218",29.8301,-95.2587
CUST-00146,Highland Provisions Group,smb,Midwest,2024-06-25,"6629 Industrial Pkwy, Minneapolis, MN 18025",44.8847,-93.1155
CUST-00147,Copper Creek Outfitters Group,smb,South,2025-12-05,"4519 Ironwood St, Dallas, TX 59153",32.684,-96.9464
CUST-00148,Coastal Industrial Group,enterprise,Northeast,2024-05-27,"8429 Commerce St, New York, NY 77444",40.8832,-74.0199
CUST-00149,Coastal Distributors,mid-market,Northeast,2023-02-05,"5932 Harbor St, Boston, MA 27295",42.4902,-71.1481
CUST-00150,Blue Ridge Industrial LLC,smb,Northeast,2023-07-01,"7618 Industrial Blvd, New York, NY 11929",40.6075,-73.906
CUST-00151,Northwind Contractors,reseller,Northeast,2024-12-14,"7382 Foundry Way, New York, NY 71588",40.6829,-74.0934
CUST-00152,Coastal Supply Partners,smb,West,2024-02-14,"6419 Commerce Pkwy, Los Angeles, CA 51923",33.9554,-118.2495
CUST-00153,Coastal Industrial Partners,reseller,West,2023-10-26,"9398 Cascade Way, Los Angeles, CA 87881",34.0733,-118.0847
CUST-00154,Summit Provisions Partners,smb,West,2025-04-07,"8329 Cedar Rd, San Francisco, CA 37518",37.6698,-122.5445
CUST-00155,Redwood Logistics LLC,reseller,Northeast,2025-06-19,"9304 Riverside St, Boston, MA 57848",42.2002,-71.0416
CUST-00156,Meridian Supply LLC,enterprise,West,2022-12-19,"7445 Summit St, Seattle, WA 21748",47.7828,-122.3136
CUST-00157,Granite Supply LLC,mid-market,West,2023-03-27,"4957 Warehouse Rd, Los Angeles, CA 60926",34.0205,-118.3593
CUST-00158,Meridian Industrial Group,enterprise,West,2023-12-26,"5947 Meridian St, Seattle, WA 12281",47.769,-122.3684
CUST-00159,Ironwood Supply Co.,reseller,Midwest,2024-04-29,"6928 Foundry Pkwy, Kansas City, MO 32643",39.0202,-94.6883
CUST-00160,Northwind Hardware,enterprise,West,2023-10-13,"2782 Foundry St, Denver, CO 27719",39.7916,-105.0287
CUST-00161,COPPER CREEK INDUSTRIAL,enterprise,South,2024-10-15,"2095 Ironwood St, Charlotte, NC 86330",35.2696,-80.8315
CUST-00162,Anchor Supply Co.,mid-market,Midwest,2023-09-21,"5331 Meridian Blvd, Chicago, IL 50840",41.9024,-87.6646
CUST-00163,Ironwood Logistics,smb,Midwest,2025-07-07,"3663 Riverside Pkwy, Minneapolis, MN 28666",44.8663,-93.2741
CUST-00164,Summit Works LLC,mid-market,Midwest,2025-01-05,"1839 Lakeshore Pkwy, Minneapolis, MN 17398",45.0761,-93.1289
CUST-00165,Harborview Works Co.,smb,Northeast,2022-12-31,"2122 Industrial Rd, Philadelphia, PA 46038",39.8528,-75.1904
CUST-00166,Coastal Provisions Co.,smb,West,2023-02-06,"8071 Cedar Blvd, Los Angeles, CA 88451",33.9484,-118.2751
CUST-00167,Highland Trading Partners,smb,West,2025-05-22,"1574 Meridian St, Seattle, WA 46900",47.7518,-122.4937
CUST-00168,Cascade Provisions Partners,mid-market,Northeast,2025-11-11,"3290 Foundry Rd, Boston, MA 90785",42.2934,-70.9609
CUST-00169,Harborview Distributors,reseller,South,2023-03-26,"580 Lakeshore Pkwy, Miami, FL 17696",25.7226,-80.0797
CUST-00170,Coastal Works LLC,mid-market,Midwest,2025-04-03,"445 Cedar Blvd, Kansas City, MO 38922",39.0671,-94.6117
CUST-00171,Harborview Contractors Partners,smb,West,2026-01-19,"7586 Commerce Way, Denver, CO 64066",39.8125,-105.0035
CUST-00172,Copper Creek Outfitters Co.,smb,South,2026-04-22,"5009 Warehouse Blvd, Charlotte, NC 28554",35.3566,-80.7931
CUST-00173,Coastal Outfitters Co.,reseller,West,2022-09-17,"5956 Commerce St, San Francisco, CA 55383",37.5982,-122.5768
CUST-00174,Ironwood Trading LLC,mid-market,West,2023-07-06,"5860 Foundry Pkwy, Phoenix, AZ 73430",33.4862,-112.0732
CUST-00175,Granite Supply Co.,reseller,West,2026-04-02,"2880 Riverside Way, Los Angeles, CA 47649",34.1663,-118.4064
CUST-00176,Cascade Works,enterprise,West,2023-02-21,"7968 Meridian St, Denver, CO 91470",39.8285,-104.8657
CUST-00177,Anchor Supply Inc.,enterprise,South,2023-10-28,"746 Warehouse Blvd, Charlotte, NC 67264",35.3529,-80.6686
CUST-00178,Copper Creek Works LLC,enterprise,Northeast,2024-10-27,"9396 Cedar Way, Boston, MA 63771",42.2807,-70.8809
CUST-00179,Silverline Distributors LLC,smb,West,2025-04-03,"8188 Summit Pkwy, Phoenix, AZ 93431",33.6247,-111.8978
CUST-00180,Highland Industrial LLC,enterprise,South,2024-08-17,"4548 Summit Ave, Miami, FL 96583",25.7759,-80.2668
CUST-00181,Coastal Supply Inc.,enterprise,West,2022-09-11,"2804 Ironwood Pkwy, Los Angeles, CA 23711",33.9149,-118.1954
CUST-00182,Ironwood Trading LLC,enterprise,Midwest,2025-04-18,"3927 Commerce Way, Chicago, IL 57481",42.0082,-87.786
CUST-00183,Anchor Supply Co.,smb,South,2024-11-06,"4118 Lakeshore Pkwy, Charlotte, NC 66344",35.1129,-80.9532
CUST-00184,Blue Ridge Logistics Co.,smb,West,2025-07-09,"2456 Summit Blvd, Los Angeles, CA 52418",34.0701,-118.3089
CUST-00185,Granite Logistics Partners,smb,West,2026-05-12,"8226 Cedar St, San Francisco, CA 63237",37.7815,-122.3336
CUST-00186,Cascade Industrial Inc.,reseller,South,2023-04-30,"8598 Ironwood Ave, Charlotte, NC 48396",35.1291,-80.8381
CUST-00187,Summit Provisions LLC,reseller,West,2025-02-04,"8812 Industrial St, San Francisco, CA 19030",37.8756,-122.3735
CUST-00188,Redwood Supply Partners,enterprise,Northeast,2026-02-20,"3160 Warehouse Way, Philadelphia, PA 17566",39.7917,-75.1016
CUST-00189,Redwood Hardware Partners,smb,South,2024-10-28,"3325 Cascade Blvd, Atlanta, GA 97041",33.8401,-84.5403
CUST-00190,Blue Ridge Provisions Inc.,mid-market,South,2023-06-17,"3304 Riverside Rd, Houston, TX 80021",29.7441,-95.5386
CUST-00191,Silverline Supply Co.,mid-market,Midwest,2023-04-03,"5377 Cedar Blvd, Minneapolis, MN 55490",45.145,-93.1025
CUST-00192,Coastal Provisions LLC,smb,Midwest,2025-01-27,"8998 Ironwood Pkwy, Columbus, OH 24435",40.0257,-82.884
CUST-00193,Redwood Logistics Inc.,smb,West,2024-10-28,"4163 Meridian Rd, Los Angeles, CA 53073",34.004,-118.2249
CUST-00194,Silverline Contractors,mid-market,Midwest,2026-01-06,"3170 Lakeshore Pkwy, Columbus, OH 79700",39.9351,-83.1025
CUST-00195,Harborview Hardware Partners,mid-market,West,2024-04-01,"1358 Riverside Blvd, Denver, CO 30169",39.6264,-104.8831
CUST-00196,Coastal Outfitters Inc.,mid-market,Midwest,2025-11-06,"2082 Lakeshore Rd, Minneapolis, MN 46801",45.1406,-93.177
CUST-00197,Northwind Outfitters Group,smb,West,2025-07-28,"6051 Cascade Way, Seattle, WA 22278",47.6709,-122.272
CUST-00198,Granite Distributors,reseller,South,2024-09-23,"7443 Commerce St, Charlotte, NC 47307",35.052,-80.7305
CUST-00199,Anchor Logistics Partners,smb,Northeast,2026-04-09,"6213 Ironwood Blvd, Philadelphia, PA 40009",39.9157,-75.0834
CUST-00200,Blue Ridge Trading LLC,smb,West,2026-05-06,"1661 Foundry Way, Phoenix, AZ 10120",33.3735,-112.1126
CUST-00201,Cascade Logistics,smb,West,2023-07-22,"8640 Lakeshore Rd, Los Angeles, CA 24964",34.1476,-118.3083
CUST-00202,Cascade Provisions Partners,enterprise,West,2023-05-20,"5369 Commerce St, Portland, OR 39292",45.5844,-122.5987
CUST-00203,Silverline Supply LLC,mid-market,West,2024-11-24,"9441 Harbor St, Portland, OR 93736",45.5645,-122.5248
CUST-00204,Northwind Contractors,reseller,Midwest,2025-11-11,"2821 Meridian St, Kansas City, MO 68101",39.2367,-94.5557
CUST-00205,Coastal Hardware LLC,enterprise,West,2025-03-12,"3791 Lakeshore Blvd, Los Angeles, CA 46842",34.1703,-118.3826
CUST-00206,Harborview Supply,enterprise,West,2025-01-21,"5217 Industrial St, San Francisco, CA 44168",37.6835,-122.4818
CUST-00207,Coastal Distributors Partners,smb,West,2025-09-02,"3408 Cedar Ave, Seattle, WA 14233",47.5713,-122.4265
CUST-00208,Summit Outfitters Co.,mid-market,Midwest,2025-10-10,"3478 Lakeshore Blvd, Columbus, OH 10093",39.9922,-83.0747
CUST-00209,Meridian Outfitters LLC,enterprise,Midwest,2024-05-18,"8405 Summit Way, Chicago, IL 39250",41.7252,-87.4785
CUST-00210,Highland Trading LLC,reseller,Midwest,2025-10-07,"3975 Ironwood Ave, Kansas City, MO 16696",39.0074,-94.5664
CUST-00211,Summit Distributors LLC,enterprise,Midwest,2023-07-07,"362 Ironwood Blvd, Minneapolis, MN 18301",44.9198,-93.3562
CUST-00212,Coastal Outfitters LLC,mid-market,South,2023-04-05,"3397 Cedar Pkwy, Dallas, TX 86768",32.6026,-96.8309
CUST-00213,Timberline Outfitters Inc.,enterprise,South,2023-12-05,"8153 Cedar Rd, Charlotte, NC 37055",35.2825,-80.7587
CUST-00214,Summit Industrial Holdings,smb,South,2024-12-09,"9093 Cedar Rd, Dallas, TX 45982",32.8934,-96.7907
CUST-00215,Copper Creek Distributors LLC,reseller,Midwest,2023-12-10,"6717 Riverside St, Columbus, OH 69962",39.9964,-83.0349
CUST-00216,Meridian Trading Group,mid-market,West,2025-04-14,"2857 Cedar Blvd, Los Angeles, CA 50381",33.8884,-118.3121
CUST-00217,Silverline Hardware LLC,smb,South,2023-08-20,"4367 Summit Ave, Atlanta, GA 99853",33.8533,-84.2353
CUST-00218,Harborview Hardware Co.,reseller,Northeast,2025-08-21,"1704 Harbor St, Boston, MA 69436",42.1932,-71.0155
CUST-00219,Summit Industrial Group,smb,West,2023-06-23,"8375 Cascade St, Los Angeles, CA 17769",34.0045,-118.0798
CUST-00220,Copper Creek Trading LLC,enterprise,Midwest,2023-07-01,"2490 Lakeshore St, Minneapolis, MN 32262",45.1576,-93.3515
CUST-00221,Meridian Logistics,mid-market,West,2023-09-10,"2948 Ironwood Blvd, Portland, OR 31240",45.3354,-122.5339
CUST-00222,Summit Distributors Group,mid-market,Northeast,2022-10-22,"9755 Summit Rd, Philadelphia, PA 30941",39.9204,-75.0772
CUST-00223,Cascade Contractors Inc.,enterprise,South,2023-06-19,"5778 Riverside Blvd, Charlotte, NC 94354",35.3535,-80.9653
CUST-00224,Ironwood Logistics,enterprise,West,2026-02-20,"583 Ironwood Rd, San Francisco, CA 29747",37.6033,-122.4127
CUST-00225,Highland Distributors LLC,reseller,Northeast,2024-01-24,"8138 Commerce St, Philadelphia, PA 40306",39.8976,-75.1134
CUST-00226,Blue Ridge Outfitters Inc.,reseller,South,2025-09-03,"1606 Warehouse Blvd, Charlotte, NC 35086",35.2658,-80.8052
CUST-00227,Anchor Supply Co.,mid-market,West,2023-04-29,"7688 Lakeshore Blvd, San Francisco, CA 98466",37.918,-122.4855
CUST-00228,Harborview Industrial Inc.,reseller,Midwest,2025-12-07,"339 Warehouse Pkwy, Chicago, IL 17903",41.9064,-87.4818
CUST-00229,Anchor Trading Inc.,smb,Midwest,2025-09-27,"4619 Warehouse Rd, Kansas City, MO 52186",38.9204,-94.5603
CUST-00230,Meridian Works Inc.,reseller,South,2025-10-12,"4442 Harbor St, Dallas, TX 97926",32.9462,-96.7327
CUST-00231,Redwood Trading LLC,reseller,Northeast,2023-10-23,"7855 Ironwood Blvd, Philadelphia, PA 48216",39.8366,-75.3264
CUST-00232,Harborview Provisions Co.,mid-market,West,2024-04-12,"778 Harbor Way, Seattle, WA 10009",47.4713,-122.3622
CUST-00233,Harborview Outfitters Inc.,reseller,West,2023-04-02,"9637 Harbor St, Denver, CO 17719",39.5637,-104.9755
CUST-00234,Redwood Industrial,enterprise,West,2023-03-27,"9831 Cedar Blvd, San Francisco, CA 13028",37.7454,-122.2506
CUST-00235,Timberline Supply Co.,smb,West,2026-04-14,"9159 Commerce Blvd, Phoenix, AZ 86688",33.6164,-112.1327
CUST-00236,Meridian Supply Inc.,mid-market,West,2023-12-15,"5568 Lakeshore St, Denver, CO 94822",39.9004,-104.9999
CUST-00237,Coastal Hardware Inc.,enterprise,Midwest,2023-10-05,"4780 Cascade Ave, Minneapolis, MN 51169",44.9599,-93.2166
CUST-00238,Granite Trading Inc.,mid-market,Midwest,2026-05-22,"7969 Foundry Rd, Chicago, IL 60222",41.9576,-87.4544
CUST-00239,Anchor Hardware Partners,reseller,West,2025-02-18,"2051 Warehouse Way, Los Angeles, CA 35073",34.0254,-118.0709
CUST-00240,Meridian Works Group,smb,Midwest,2025-09-03,"1152 Harbor St, Columbus, OH 14828",39.8916,-82.8543
CUST-00241,Northwind Contractors,smb,West,2024-01-02,"2192 Foundry Rd, Portland, OR 70860",45.3726,-122.8085
CUST-00242,Granite Logistics LLC,reseller,Northeast,2025-02-20,"4812 Meridian Way, New York, NY 75475",40.6576,-73.9989
CUST-00243,Highland Outfitters LLC,reseller,Midwest,2024-11-23,"9339 Foundry Way, Minneapolis, MN 41193",45.0628,-93.2637
CUST-00244,Cascade Trading Co.,mid-market,South,2026-05-18,"4246 Ironwood Rd, Charlotte, NC 20199",35.3871,-80.8467
CUST-00245,Timberline Logistics,enterprise,Midwest,2022-11-24,"3982 Lakeshore Pkwy, Columbus, OH 54651",39.8193,-82.8638
CUST-00246,Cascade Outfitters,mid-market,Midwest,2024-02-08,"2521 Cascade Ave, Columbus, OH 32697",40.0634,-82.8436
CUST-00247,Harborview Distributors Inc.,mid-market,Midwest,2025-08-05,"768 Commerce St, Kansas City, MO 85817",39.0362,-94.6028
CUST-00248,Blue Ridge Distributors Group,reseller,West,2023-10-08,"6551 Summit Pkwy, Seattle, WA 69016",47.538,-122.4477
CUST-00249,Redwood Supply Inc.,mid-market,South,2023-03-15,"3476 Summit St, Houston, TX 41655",29.7696,-95.3089
CUST-00250,Anchor Outfitters Co.,reseller,South,2024-02-20,"2495 Lakeshore Way, Atlanta, GA 28712",33.8493,-84.4676
CUST-00251,Granite Supply Group,reseller,Northeast,2023-05-26,"4879 Industrial Rd, Boston, MA 61023",42.1843,-71.112
CUST-00252,Northwind Distributors LLC,mid-market,West,2026-05-17,"6338 Meridian St, Los Angeles, CA 54809",34.0434,-118.1538
CUST-00253,Harborview Hardware LLC,reseller,Midwest,2023-12-24,"3637 Warehouse Way, Chicago, IL 82464",41.9701,-87.7913
CUST-00254,Granite Industrial Group,smb,West,2025-08-17,"1414 Harbor Ave, Phoenix, AZ 33546",33.4126,-112.2437
CUST-00255,Northwind Distributors Co.,mid-market,South,2025-04-05,"1235 Warehouse Way, Miami, FL 66190",25.6801,-80.3486
CUST-00256,Meridian Contractors LLC,mid-market,Northeast,2023-09-03,"3968 Cedar Blvd, New York, NY 55475",40.8137,-74.0823
CUST-00257,Timberline Logistics LLC,mid-market,West,2022-11-27,"6591 Ironwood St, Seattle, WA 47956",47.5317,-122.4244
CUST-00258,Anchor Logistics Group,mid-market,West,2023-10-14,"3883 Foundry Pkwy, Phoenix, AZ 42049",33.5648,-111.9956
CUST-00259,Timberline Contractors,reseller,Northeast,2024-12-19,"8095 Cedar Way, Philadelphia, PA 83161",40.0274,-75.1924
CUST-00260,Granite Contractors LLC,reseller,West,2024-07-02,"9891 Lakeshore Pkwy, Denver, CO 91156",39.6061,-105.0934
CUST-00261,Meridian Works Partners,reseller,West,2024-04-26,"6712 Cascade Ave, Portland, OR 76975",45.5259,-122.7194
CUST-00262,Silverline Logistics LLC,reseller,West,2024-01-30,"4537 Cascade Ave, Seattle, WA 68914",47.6998,-122.3891
CUST-00263,Meridian Outfitters LLC,enterprise,West,2025-09-11,"7202 Warehouse Pkwy, San Francisco, CA 57699",37.739,-122.5493
CUST-00264,Copper Creek Trading,mid-market,South,2025-12-16,"1442 Lakeshore St, Dallas, TX 19550",32.7454,-96.8937
CUST-00265,Highland Industrial,reseller,Northeast,2023-04-14,"3192 Cedar St, Philadelphia, PA 33113",39.8117,-75.1002
CUST-00266,Silverline Trading LLC,smb,Midwest,2024-12-12,"5121 Commerce Way, Kansas City, MO 99645",39.0447,-94.6538
CUST-00267,Harborview Provisions Inc.,mid-market,West,2024-01-04,"7397 Industrial Rd, Los Angeles, CA 98112",34.054,-118.2362
CUST-00268,Cascade Trading LLC,enterprise,West,2024-03-29,"2468 Ironwood Way, Phoenix, AZ 96754",33.4367,-112.2024
CUST-00269,Highland Industrial Partners,mid-market,South,2023-05-18,"5369 Riverside Blvd, Houston, TX 11669",29.5854,-95.3026
CUST-00270,Harborview Industrial Partners,smb,Northeast,2025-03-04,"8788 Ironwood Rd, Philadelphia, PA 99847",39.8909,-75.3409
CUST-00271,Silverline Distributors Inc.,mid-market,Northeast,2023-07-21,"4127 Riverside Pkwy, Boston, MA 20623",42.5062,-70.9365
CUST-00272,Granite Hardware LLC,reseller,Northeast,2023-01-26,"1693 Riverside Ave, Philadelphia, PA 28285",39.8965,-75.2881
CUST-00273,Northwind Provisions Co.,smb,West,2026-03-03,"953 Commerce Blvd, Denver, CO 15279",39.8492,-104.8601
CUST-00274,Coastal Works Inc.,reseller,West,2026-02-12,"9034 Harbor Ave, San Francisco, CA 21331",37.6445,-122.4163
CUST-00275,Redwood Distributors LLC,enterprise,Northeast,2024-05-26,"5674 Cedar Pkwy, Boston, MA 16945",42.409,-71.1071
CUST-00276,Timberline Works Co.,mid-market,West,2024-01-21,"2629 Foundry St, San Francisco, CA 81404",37.8619,-122.4203
CUST-00277,Silverline Hardware Group,reseller,South,2023-02-11,"3359 Cedar Way, Dallas, TX 16504",32.8112,-96.6606
CUST-00278,Copper Creek Provisions Inc.,enterprise,Northeast,2025-08-25,"1033 Warehouse Pkwy, Boston, MA 27499",42.4914,-71.0558
CUST-00279,Redwood Outfitters Inc.,enterprise,West,2025-03-10,"7646 Cascade Blvd, Phoenix, AZ 73710",33.4008,-112.1173
CUST-00280,Ironwood Distributors LLC,mid-market,Northeast,2022-09-15,"4081 Cedar Ave, Boston, MA 71372",42.2714,-71.1152
CUST-00281,GRANITE HARDWARE,enterprise,Midwest,2022-09-01,"3540 Industrial Pkwy, Minneapolis, MN 38706",45.1385,-93.0932
CUST-00282,Silverline Logistics Inc.,enterprise,Midwest,2024-06-11,"5190 Riverside Way, Kansas City, MO 32866",39.2428,-94.4038
CUST-00283,Cascade Trading LLC,reseller,West,2024-05-28,"130 Riverside Blvd, Portland, OR 79677",45.6919,-122.5743
CUST-00284,Anchor Logistics Co.,smb,South,2025-06-21,"3800 Ironwood St, Charlotte, NC 74857",35.0576,-80.857
CUST-00285,Cascade Logistics Inc.,mid-market,West,2024-04-09,"3858 Riverside St, Los Angeles, CA 37143",33.9704,-118.2827
CUST-00286,Meridian Contractors LLC,enterprise,South,2024-05-03,"8490 Foundry Ave, Miami, FL 67520",25.582,-80.2774
CUST-00287,Ironwood Contractors Inc.,enterprise,Midwest,2025-11-11,"7269 Cascade St, Columbus, OH 13188",40.0565,-83.0602
CUST-00288,Northwind Works Co.,mid-market,West,2023-10-31,"6839 Summit Blvd, Portland, OR 32437",45.5733,-122.6602
CUST-00289,Meridian Contractors Group,smb,Northeast,2023-09-22,"7852 Warehouse Rd, Philadelphia, PA 13246",39.8204,-75.186
CUST-00290,Timberline Works LLC,mid-market,West,2023-10-16,"1588 Cedar Rd, Phoenix, AZ 55802",33.5373,-112.2196
CUST-00291,Granite Trading LLC,smb,Midwest,2026-01-29,"5957 Industrial Blvd, Columbus, OH 13633",40.0183,-82.8703
CUST-00292,Harborview Trading Group,smb,Northeast,2026-03-29,"6176 Summit Rd, Philadelphia, PA 45056",39.8324,-75.1979
CUST-00293,Ironwood Industrial Partners,reseller,West,2022-11-14,"8758 Ironwood Rd, San Francisco, CA 17261",37.907,-122.4794
CUST-00294,Copper Creek Trading Co.,mid-market,West,2023-08-18,"7752 Industrial Ave, Seattle, WA 17662",47.7628,-122.4767
CUST-00295,Anchor Provisions Group,smb,West,2025-03-24,"5453 Ironwood Way, Phoenix, AZ 34425",33.5173,-111.9152
CUST-00296,Granite Supply Co.,smb,South,2025-06-03,"446 Cascade Pkwy, Dallas, TX 64054",32.6376,-96.8132
CUST-00297,Redwood Logistics LLC,reseller,Northeast,2025-05-18,"5168 Commerce St, Boston, MA 77641",42.4204,-71.0815
CUST-00298,Meridian Supply Inc.,mid-market,South,2026-01-23,"647 Lakeshore St, Charlotte, NC 22944",35.1032,-80.9271
CUST-00299,Copper Creek Outfitters Group,enterprise,Northeast,2024-03-04,"3419 Ironwood Pkwy, Philadelphia, PA 79223",39.8393,-75.0292
CUST-00300,Northwind Hardware Co.,reseller,Northeast,2023-10-02,"3306 Lakeshore St, New York, NY 79069",40.7603,-74.1049
CUST-00301,Copper Creek Logistics Co.,enterprise,South,2026-05-27,"8533 Industrial Blvd, Houston, TX 66795",29.6021,-95.3714
CUST-00302,Coastal Distributors Inc.,smb,West,2023-04-01,"7800 Industrial Blvd, San Francisco, CA 47839",37.7373,-122.5234
CUST-00303,Meridian Provisions LLC,enterprise,Midwest,2025-11-05,"4729 Foundry St, Chicago, IL 81842",41.869,-87.809
CUST-00304,Highland Distributors Co.,enterprise,West,2025-07-10,"1257 Harbor Rd, Portland, OR 80663",45.5939,-122.5249
CUST-00305,Cascade Supply Group,enterprise,Midwest,2026-03-11,"883 Meridian Way, Chicago, IL 98149",41.7943,-87.7432
CUST-00306,Highland Logistics Partners,smb,South,2025-06-08,"442 Ironwood Rd, Dallas, TX 49642",32.8045,-96.6918
CUST-00307,Granite Contractors Inc.,enterprise,West,2022-09-26,"3659 Summit Pkwy, Phoenix, AZ 34059",33.5914,-112.1216
CUST-00308,Meridian Distributors Inc.,reseller,Northeast,2024-03-06,"3007 Meridian Pkwy, Philadelphia, PA 88263",39.8701,-75.1445
CUST-00309,Highland Provisions,smb,West,2024-10-25,"1216 Riverside Blvd, Los Angeles, CA 37419",34.1231,-118.0988
CUST-00310,Cascade Industrial Partners,reseller,Northeast,2022-09-23,"9008 Foundry St, Philadelphia, PA 31079",39.7895,-75.2206
CUST-00311,Harborview Contractors Partners,enterprise,West,2024-01-26,"5731 Riverside Pkwy, Los Angeles, CA 12365",34.2228,-118.2479
CUST-00312,Copper Creek Logistics LLC,reseller,West,2023-06-25,"8968 Foundry Blvd, Portland, OR 21901",45.4947,-122.8366
CUST-00313,Northwind Supply LLC,smb,South,2025-05-01,"7693 Warehouse St, Houston, TX 13756",29.8474,-95.2736
CUST-00314,Northwind Industrial Inc.,smb,Northeast,2023-10-09,"1962 Summit St, New York, NY 14706",40.7593,-74.1089
CUST-00315,Meridian Contractors LLC,reseller,South,2025-09-14,"8368 Foundry Way, Houston, TX 34700",29.639,-95.3333
CUST-00316,Coastal Industrial Inc.,reseller,West,2025-07-27,"581 Harbor Way, San Francisco, CA 30986",37.749,-122.4616
CUST-00317,Granite Outfitters Group,mid-market,West,2023-06-20,"3378 Ironwood Way, Seattle, WA 34894",47.5592,-122.3403
CUST-00318,Anchor Hardware LLC,mid-market,Midwest,2024-09-20,"8648 Meridian St, Minneapolis, MN 44338",44.8891,-93.4193
CUST-00319,Northwind Trading Inc.,reseller,West,2025-08-02,"3141 Industrial St, Portland, OR 60640",45.3812,-122.5564
CUST-00320,Granite Distributors Group,reseller,South,2022-11-18,"9589 Meridian Rd, Dallas, TX 50518",32.6838,-96.74
CUST-00321,Harborview Trading Partners,mid-market,Northeast,2024-11-13,"3170 Meridian Way, Philadelphia, PA 85851",40.0246,-75.1655
CUST-00322,Copper Creek Hardware Group,enterprise,South,2024-11-20,"407 Riverside Rd, Atlanta, GA 70182",33.7445,-84.4118
CUST-00323,Ironwood Outfitters Partners,enterprise,South,2025-10-05,"8406 Harbor Rd, Dallas, TX 13993",32.8755,-96.9268
CUST-00324,Ironwood Supply LLC,smb,Midwest,2024-11-14,"792 Ironwood Rd, Kansas City, MO 74707",39.1027,-94.5436
CUST-00325,Cascade Supply Inc.,reseller,West,2022-11-19,"7673 Cascade St, San Francisco, CA 51681",37.923,-122.5548
CUST-00326,Copper Creek Supply,reseller,Midwest,2024-07-20,"9496 Ironwood Ave, Minneapolis, MN 54012",45.1054,-93.4029
CUST-00327,Highland Contractors Inc.,mid-market,Northeast,2023-09-21,"6942 Cedar Pkwy, Philadelphia, PA 45554",39.832,-75.3283
CUST-00328,Coastal Industrial Partners,reseller,West,2023-11-01,"5529 Foundry Way, Phoenix, AZ 95821",33.5736,-112.0136
CUST-00329,Copper Creek Supply Co.,reseller,South,2023-08-18,"9785 Lakeshore Ave, Charlotte, NC 37821",35.2998,-80.9387
CUST-00330,Summit Provisions Inc.,smb,West,2023-01-08,"8240 Meridian Way, Portland, OR 10284",45.6727,-122.8576
CUST-00331,Harborview Works Inc.,reseller,West,2025-11-17,"2609 Riverside Way, Denver, CO 64084",39.5887,-105.0895
CUST-00332,Cascade Provisions,enterprise,South,2023-01-08,"1500 Ironwood Way, Houston, TX 43533",29.644,-95.4057
CUST-00333,Copper Creek Contractors Inc.,reseller,South,2025-01-10,"101 Harbor Rd, Charlotte, NC 33847",35.1712,-80.7009
CUST-00334,Redwood Outfitters,smb,West,2024-03-14,"3367 Foundry Blvd, Phoenix, AZ 94883",33.3889,-111.8969
CUST-00335,Meridian Contractors Co.,reseller,Midwest,2022-10-14,"114 Commerce Pkwy, Chicago, IL 12328",41.8659,-87.7573
CUST-00336,Northwind Provisions Co.,reseller,Northeast,2023-09-01,"4621 Industrial Ave, Boston, MA 35141",42.5274,-71.1367
CUST-00337,Coastal Logistics Co.,mid-market,South,2024-06-16,"3982 Lakeshore St, Miami, FL 72365",25.6771,-80.2387
CUST-00338,Meridian Works Group,smb,South,2026-02-20,"4376 Commerce Rd, Miami, FL 35934",25.6288,-80.3199
CUST-00339,Blue Ridge Supply LLC,mid-market,West,2024-12-27,"7472 Ironwood Rd, Seattle, WA 29106",47.5933,-122.2003
CUST-00340,Ironwood Distributors Partners,mid-market,Midwest,2023-03-27,"2594 Industrial St, Minneapolis, MN 36632",44.8581,-93.4247
CUST-00341,Summit Works,mid-market,South,2024-01-02,"9798 Commerce St, Charlotte, NC 63513",35.1297,-80.9767
CUST-00342,Highland Trading Group,reseller,South,2024-01-03,"2029 Lakeshore Ave, Charlotte, NC 76702",35.1121,-80.9437
CUST-00343,Coastal Distributors,enterprise,West,2024-10-08,"4264 Meridian St, Portland, OR 34035",45.6493,-122.7691
CUST-00344,Copper Creek Outfitters Group,enterprise,West,2026-04-03,"9605 Summit Pkwy, Portland, OR 92902",45.5917,-122.6903
CUST-00345,Granite Supply Inc.,reseller,Northeast,2025-10-25,"9648 Lakeshore Ave, Philadelphia, PA 43409",40.0696,-75.0865
CUST-00346,Granite Works Partners,smb,West,2026-02-05,"8253 Commerce St, Phoenix, AZ 10294",33.3282,-112.2044
CUST-00347,Ironwood Provisions Inc.,enterprise,Midwest,2023-06-02,"8022 Riverside Pkwy, Minneapolis, MN 47443",44.9199,-93.2668
CUST-00348,Redwood Supply Partners,enterprise,South,2023-05-23,"3783 Harbor Pkwy, Atlanta, GA 81723",33.8798,-84.3288
CUST-00349,Granite Provisions Co.,reseller,West,2025-05-15,"6704 Warehouse St, Phoenix, AZ 95476",33.608,-111.8944
CUST-00350,Meridian Industrial Partners,reseller,West,2026-01-12,"942 Riverside Blvd, San Francisco, CA 46241",37.742,-122.4281
CUST-00351,Northwind Distributors LLC,enterprise,West,2025-04-09,"2498 Cascade Pkwy, Denver, CO 94840",39.7981,-104.9744
CUST-00352,Highland Works Partners,mid-market,West,2025-05-09,"643 Riverside Rd, Seattle, WA 77313",47.5812,-122.2072
CUST-00353,Highland Logistics,mid-market,Midwest,2023-02-17,"2438 Riverside Ave, Chicago, IL 50990",42.0489,-87.5464
CUST-00354,Copper Creek Hardware Partners,enterprise,West,2025-11-02,"796 Summit Blvd, Portland, OR 29355",45.6447,-122.7551
CUST-00355,Copper Creek Distributors Group,mid-market,West,2025-10-21,"2946 Lakeshore Rd, San Francisco, CA 61056",37.6798,-122.4032
CUST-00356,Coastal Outfitters,reseller,West,2024-03-14,"3088 Lakeshore Blvd, Denver, CO 94347",39.7113,-105.1248
CUST-00357,Cascade Provisions Partners,reseller,South,2024-08-21,"5826 Industrial Pkwy, Atlanta, GA 66600",33.8295,-84.2771
CUST-00358,Granite Provisions Partners,reseller,South,2025-09-27,"6553 Cascade Ave, Dallas, TX 16714",32.6209,-96.6668
CUST-00359,Blue Ridge Outfitters LLC,enterprise,West,2026-03-20,"438 Cascade Blvd, San Francisco, CA 13553",37.9056,-122.4493
CUST-00360,Blue Ridge Outfitters Partners,enterprise,Northeast,2026-04-12,"352 Ironwood Ave, Philadelphia, PA 53577",39.9653,-75.2615
CUST-00361,Silverline Logistics Company,smb,West,2025-02-04,"1502 Industrial Ave, Los Angeles, CA 62287",33.9579,-118.2547
CUST-00362,Copper Creek Contractors LLC,mid-market,South,2025-09-08,"1808 Meridian St, Dallas, TX 66237",32.941,-96.8997
CUST-00363,Granite Hardware Partners,smb,Northeast,2024-02-22,"6055 Foundry St, New York, NY 67794",40.8017,-73.9208
CUST-00364,Granite Trading Company,smb,West,2024-09-11,"8305 Industrial Pkwy, San Francisco, CA 99681",37.6477,-122.5862
CUST-00365,Summit Distributors LLC,mid-market,West,2023-05-07,"3833 Lakeshore Pkwy, Phoenix, AZ 72958",33.3934,-112.0478
CUST-00366,Ironwood Logistics Partners,enterprise,West,2023-09-28,"1144 Cascade Ave, Los Angeles, CA 25561",33.8835,-118.1388
CUST-00367,CASCADE INDUSTRIAL LLC,smb,Northeast,2025-04-26,"5339 Cedar Pkwy, New York, NY 53942",40.6734,-74.0955
CUST-00368,Granite Trading LLC,mid-market,Midwest,2026-03-13,"2899 Industrial St, Chicago, IL 20776",41.9112,-87.477
CUST-00369,Silverline Distributors,enterprise,West,2024-12-10,"4466 Commerce St, Phoenix, AZ 26546",33.5157,-112.2311
CUST-00370,Northwind Hardware,enterprise,West,2025-01-08,"8996 Harbor St, Los Angeles, CA 86928",33.9338,-118.3538
CUST-00371,Summit Outfitters LLC,enterprise,Midwest,2025-01-13,"6119 Harbor Pkwy, Kansas City, MO 42427",38.9806,-94.744
CUST-00372,Summit Outfitters Partners,enterprise,Northeast,2022-12-12,"4987 Meridian Way, Philadelphia, PA 70392",39.9995,-75.2684
CUST-00373,Harborview Outfitters Group,reseller,South,2023-12-20,"4528 Lakeshore Way, Houston, TX 67984",29.7901,-95.4704
CUST-00374,Anchor Contractors Group,enterprise,West,2024-12-08,"8661 Cedar Way, Portland, OR 77859",45.5717,-122.8514
CUST-00375,Timberline Supply,reseller,Midwest,2026-03-02,"5905 Ironwood Blvd, Minneapolis, MN 57232",44.8106,-93.2477
CUST-00376,Granite Trading LLC,reseller,South,2024-08-13,"7742 Ironwood Blvd, Atlanta, GA 20272",33.8024,-84.2391
CUST-00377,Ironwood Contractors LLC,mid-market,Midwest,2024-02-27,"4623 Meridian Rd, Chicago, IL 76800",41.8642,-87.7371
CUST-00378,Blue Ridge Contractors Partners,smb,South,2022-09-26,"4304 Commerce Way, Charlotte, NC 79464",35.1118,-80.8969
CUST-00379,Summit Outfitters Inc.,reseller,West,2023-06-27,"5544 Summit St, San Francisco, CA 81669",37.6337,-122.3779
CUST-00380,Highland Hardware LLC,smb,Midwest,2025-11-09,"9171 Ironwood Ave, Minneapolis, MN 63378",45.0058,-93.2777
CUST-00381,Northwind Distributors Inc.,smb,Midwest,2025-04-30,"2345 Lakeshore Way, Minneapolis, MN 43079",45.0668,-93.0952
CUST-00382,Harborview Logistics Partners,mid-market,Northeast,2024-05-31,"3536 Foundry Rd, Boston, MA 92067",42.2018,-70.992
CUST-00383,Summit Supply Inc.,reseller,South,2025-04-23,"792 Lakeshore Rd, Miami, FL 83082",25.8451,-80.0457
CUST-00384,Harborview Industrial LLC,enterprise,West,2024-07-22,"2163 Meridian Way, Phoenix, AZ 73308",33.6018,-112.1055
CUST-00385,Blue Ridge Logistics LLC,smb,Northeast,2023-06-08,"5449 Commerce Way, New York, NY 56532",40.8845,-74.1852
CUST-00386,Copper Creek Contractors Group,mid-market,Midwest,2024-03-28,"5556 Commerce St, Kansas City, MO 59831",39.0838,-94.5842
CUST-00387,Northwind Industrial Co.,mid-market,Midwest,2026-03-30,"848 Lakeshore Rd, Chicago, IL 54866",42.0165,-87.7554
CUST-00388,Northwind Supply Partners,smb,South,2023-10-12,"1370 Summit Ave, Atlanta, GA 29134",33.7855,-84.2193
CUST-00389,Coastal Logistics Inc.,enterprise,West,2024-02-17,"2267 Harbor Ave, Portland, OR 95236",45.4278,-122.6718
CUST-00390,Anchor Hardware,enterprise,Midwest,2024-09-25,"5014 Foundry Way, Chicago, IL 12899",41.8152,-87.5488
CUST-00391,Meridian Outfitters Holdings,reseller,South,2024-01-22,"7681 Commerce St, Charlotte, NC 14265",35.1294,-80.7148
CUST-00392,Highland Supply Group,enterprise,West,2025-02-06,"7478 Ironwood Rd, San Francisco, CA 83892",37.684,-122.3469
CUST-00393,Coastal Supply Partners,mid-market,South,2024-06-22,"6691 Riverside Way, Charlotte, NC 82111",35.1779,-80.8717
CUST-00394,Ironwood Hardware Group,mid-market,Northeast,2025-10-31,"6520 Commerce Blvd, Philadelphia, PA 46879",39.8692,-75.0885
CUST-00395,Harborview Industrial Partners,enterprise,South,2023-06-16,"8956 Foundry Rd, Miami, FL 93311",25.7137,-80.2781
CUST-00396,Silverline Provisions Group,smb,West,2025-07-12,"8700 Cascade Ave, Phoenix, AZ 74288",33.3505,-112.0866
CUST-00397,Ironwood Hardware Inc.,mid-market,Northeast,2025-06-06,"6012 Warehouse Ave, Philadelphia, PA 42855",39.8453,-75.1164
CUST-00398,Anchor Outfitters Inc.,enterprise,West,2023-11-30,"2027 Warehouse Ave, Phoenix, AZ 83701",33.2773,-111.9877
CUST-00399,Granite Outfitters Partners,reseller,Midwest,2024-10-21,"1728 Ironwood Pkwy, Chicago, IL 99478",41.9002,-87.4883
CUST-00400,Cascade Provisions LLC,enterprise,South,2025-01-10,"3088 Riverside Blvd, Charlotte, NC 69928",35.2483,-80.9926
