shipment_id,origin_site_id,dest_site_id,customer_id,ship_date,units,weight_kg
SHIP-000001,SITE-001,SITE-011,CUST-00163,2024-11-29,161,189.98
SHIP-000002,SITE-012,SITE-015,CUST-00098,2026-05-30,254,1772.92
SHIP-000003,SITE-007,SITE-005,CUST-00166,2025-07-10,31,359.91
SHIP-000004,SITE-002,SITE-005,CUST-00328,2026-04-23,220,1876.6
SHIP-000005,SITE-001,SITE-011,CUST-00047,2024-12-06,194,591.7
SHIP-000006,SITE-011,SITE-015,CUST-00391,2026-05-25,173,1032.81
SHIP-000007,SITE-004,SITE-002,CUST-00289,2025-03-16,133,1528.17
SHIP-000008,SITE-009,SITE-003,CUST-00217,2025-09-13,385,712.25
SHIP-000009,SITE-003,SITE-006,CUST-00328,2026-05-20,263,1635.86
SHIP-000010,SITE-014,SITE-006,CUST-00061,2025-04-02,348,1144.92
SHIP-000011,SITE-014,SITE-011,CUST-00093,2025-03-08,24,17.52
SHIP-000012,SITE-011,SITE-003,CUST-00250,2026-02-13,170,477.7
SHIP-000013,SITE-007,SITE-014,CUST-00198,2025-11-18,124,918.84
SHIP-000014,SITE-002,SITE-003,CUST-00003,2026-08-13,194,1848.82
SHIP-000015,SITE-014,SITE-009,CUST-00330,2026-04-20,67,429.47
SHIP-000016,SITE-010,SITE-005,CUST-00140,2024-09-16,299,340.86
SHIP-000017,SITE-013,SITE-007,CUST-00111,2025-04-28,247,2114.32
SHIP-000018,SITE-012,SITE-005,CUST-00347,2024-12-22,119,178.5
SHIP-000019,SITE-009,SITE-005,CUST-00345,2026-02-19,199,1140.27
SHIP-000020,SITE-001,SITE-007,CUST-00313,2025-07-31,315,2192.4
SHIP-000021,SITE-008,SITE-010,CUST-00003,2025-12-30,394,1871.5
SHIP-000022,SITE-008,SITE-015,CUST-00324,2024-09-17,97,544.17
SHIP-000023,SITE-006,SITE-003,CUST-00003,2026-01-12,29,189.08
SHIP-000024,SITE-007,SITE-005,CUST-00392,2025-06-08,385,2194.5
SHIP-000025,SITE-004,SITE-005,CUST-00198,2024-08-11,272,2940.32
SHIP-000026,SITE-004,SITE-011,CUST-00377,2024-06-18,91,372.19
SHIP-000027,SITE-007,SITE-004,CUST-00075,2026-01-11,222,2379.84
SHIP-000028,SITE-003,SITE-007,CUST-00382,2025-03-23,54,177.12
SHIP-000029,SITE-013,SITE-007,CUST-00202,2024-12-17,333,1475.19
SHIP-000030,SITE-008,SITE-013,CUST-00253,2025-09-28,6,64.08
SHIP-000031,SITE-001,SITE-005,CUST-00051,2025-03-08,226,2382.04
SHIP-000032,SITE-006,SITE-007,CUST-00032,2026-04-01,332,235.72
SHIP-000033,SITE-010,SITE-015,CUST-00019,2026-03-15,277,662.03
SHIP-000034,SITE-001,SITE-014,CUST-00131,2026-05-29,199,1830.8
SHIP-000035,SITE-006,SITE-009,CUST-00193,2024-04-22,11,121.33
SHIP-000036,SITE-005,SITE-002,CUST-00065,2026-05-19,169,976.82
SHIP-000037,SITE-009,SITE-012,CUST-00398,2024-12-02,318,2855.64
SHIP-000038,SITE-013,SITE-009,CUST-00297,2025-05-19,39,122.85
SHIP-000039,SITE-014,SITE-007,CUST-00233,2026-03-22,338,1341.86
SHIP-000040,SITE-015,SITE-001,CUST-00178,2025-09-28,154,97.02
SHIP-000041,SITE-005,SITE-002,CUST-00203,2025-02-28,182,1958.32
SHIP-000042,SITE-009,SITE-013,CUST-00220,2025-10-18,264,3138.96
SHIP-000043,SITE-004,SITE-013,CUST-00210,2024-09-15,19,47.5
SHIP-000044,SITE-012,SITE-010,CUST-00165,2025-04-21,317,2615.25
SHIP-000045,SITE-011,SITE-014,CUST-00361,2024-04-05,64,326.4
SHIP-000046,SITE-005,SITE-004,CUST-00094,2025-09-18,99,957.33
SHIP-000047,SITE-004,SITE-006,CUST-00091,2025-03-12,376,3726.16
SHIP-000048,SITE-015,SITE-004,CUST-00326,2024-06-07,67,720.92
SHIP-000049,SITE-003,SITE-005,CUST-00122,2025-05-27,171,1203.84
SHIP-000050,SITE-003,SITE-002,CUST-00283,2025-01-23,306,198.9
SHIP-000051,SITE-006,SITE-014,CUST-00080,2026-08-04,377,1232.79
SHIP-000052,SITE-005,SITE-003,CUST-00003,2025-01-17,89,791.21
SHIP-000053,SITE-009,SITE-005,CUST-00107,2024-12-19,268,2114.52
SHIP-000054,SITE-002,SITE-008,CUST-00304,2025-08-25,19,21.66
SHIP-000055,SITE-003,SITE-015,CUST-00372,2024-12-28,212,1700.24
SHIP-000056,SITE-005,SITE-006,CUST-00233,2026-07-05,37,422.17
SHIP-000057,SITE-005,SITE-012,CUST-00338,2025-02-04,311,3644.92
SHIP-000058,SITE-011,SITE-001,CUST-00161,2026-08-17,362,220.82
SHIP-000059,SITE-002,SITE-015,CUST-00199,2024-04-16,156,970.32
SHIP-000060,SITE-010,SITE-012,CUST-00390,2025-02-28,172,1007.92
SHIP-000061,SITE-011,SITE-008,CUST-00247,2024-12-02,248,2566.8
SHIP-000062,SITE-005,SITE-002,CUST-00022,2024-05-01,22,123.42
SHIP-000063,SITE-013,SITE-008,CUST-00029,2026-02-01,78,482.04
SHIP-000064,SITE-010,SITE-004,CUST-00346,2024-12-10,155,392.15
SHIP-000065,SITE-010,SITE-002,CUST-00127,2025-03-23,150,1470
SHIP-000066,SITE-007,SITE-002,CUST-00100,2025-05-13,194,2054.46
SHIP-000067,SITE-008,SITE-013,CUST-00252,2025-01-08,337,980.67
SHIP-000068,SITE-010,SITE-009,CUST-00023,2025-08-14,396,4201.56
SHIP-000069,SITE-007,SITE-004,CUST-00032,2025-07-28,241,2699.2
SHIP-000070,SITE-006,SITE-004,CUST-00379,2025-08-30,49,464.52
SHIP-000071,SITE-005,SITE-004,CUST-00344,2024-04-19,101,791.84
SHIP-000072,SITE-009,SITE-013,CUST-00090,2024-12-28,322,1271.9
SHIP-000073,SITE-003,SITE-012,CUST-00245,2025-02-01,376,714.4
SHIP-000074,SITE-008,SITE-015,CUST-00011,2025-04-06,234,2695.68
SHIP-000075,SITE-011,SITE-002,CUST-00346,2024-04-23,146,312.44
SHIP-000076,SITE-004,SITE-014,CUST-00298,2024-10-20,20,198.4
SHIP-000077,SITE-012,SITE-007,CUST-00355,2026-06-07,261,2095.83
SHIP-000078,SITE-002,SITE-003,CUST-00246,2025-03-22,266,3101.56
SHIP-000079,SITE-009,SITE-002,CUST-00240,2024-05-16,285,2371.2
SHIP-000080,SITE-001,SITE-007,CUST-00288,2025-04-29,149,1406.56
SHIP-000081,SITE-003,SITE-011,CUST-00089,2025-03-28,23,181.01
SHIP-000082,SITE-010,SITE-014,CUST-00169,2025-09-19,17,172.55
SHIP-000083,SITE-005,SITE-008,CUST-00107,2025-07-23,188,1654.4
SHIP-000084,SITE-011,SITE-010,CUST-00327,2025-12-17,287,3409.56
SHIP-000085,SITE-013,SITE-005,CUST-00109,2026-04-29,245,269.5
SHIP-000086,SITE-010,SITE-007,CUST-00240,2024-11-22,366,1679.94
SHIP-000087,SITE-006,SITE-007,CUST-00198,2024-09-02,169,292.37
SHIP-000088,SITE-002,SITE-001,CUST-00004,2026-03-19,312,783.12
SHIP-000089,SITE-002,SITE-011,CUST-00255,2024-05-05,361,758.1
SHIP-000090,SITE-012,SITE-007,CUST-00204,2024-10-09,20,124.4
SHIP-000091,SITE-004,SITE-010,CUST-00057,2025-06-20,147,120.54
SHIP-000092,SITE-008,SITE-010,CUST-00113,2024-10-20,371,3001.39
SHIP-000093,SITE-009,SITE-014,CUST-00202,2025-02-22,168,572.88
SHIP-000094,SITE-010,SITE-011,CUST-00385,2025-08-13,361,797.81
SHIP-000095,SITE-014,SITE-005,CUST-00224,2025-07-01,260,2137.2
SHIP-000096,SITE-007,SITE-003,CUST-00146,2025-10-21,296,1693.12
SHIP-000097,SITE-005,SITE-006,CUST-00369,2024-09-25,335,1407
SHIP-000098,SITE-003,SITE-001,CUST-00191,2024-05-04,122,461.16
SHIP-000099,SITE-010,SITE-001,CUST-00040,2025-06-17,72,596.16
SHIP-000100,SITE-006,SITE-008,CUST-00166,2025-05-15,343,3333.96
SHIP-000101,SITE-004,SITE-011,CUST-00392,2025-02-17,398,3195.94
SHIP-000102,SITE-015,SITE-012,CUST-00380,2024-07-08,109,1136.87
SHIP-000103,SITE-005,SITE-010,CUST-00285,2025-01-11,182,1550.64
SHIP-000104,SITE-006,SITE-015,CUST-00205,2024-09-30,259,419.58
SHIP-000105,SITE-009,SITE-004,CUST-00052,2026-05-23,172,562.44
SHIP-000106,SITE-015,SITE-001,CUST-00031,2025-11-13,167,1574.81
SHIP-000107,SITE-010,SITE-005,CUST-00277,2024-07-25,176,582.56
SHIP-000108,SITE-003,SITE-010,CUST-00126,2024-09-19,201,1754.73
SHIP-000109,SITE-008,SITE-003,CUST-00007,2026-04-05,293,1793.16
SHIP-000110,SITE-014,SITE-001,CUST-00082,2026-02-14,123,1280.43
SHIP-000111,SITE-004,SITE-012,CUST-00392,2024-05-19,327,1383.21
SHIP-000112,SITE-006,SITE-010,CUST-00387,2025-01-06,34,244.12
SHIP-000113,SITE-012,SITE-004,CUST-00015,2024-03-26,192,639.36
SHIP-000114,SITE-014,SITE-007,CUST-00208,2026-01-07,49,267.54
SHIP-000115,SITE-004,SITE-005,CUST-00290,2024-07-12,267,2029.2
SHIP-000116,SITE-004,SITE-005,CUST-00377,2026-01-27,36,288.36
SHIP-000117,SITE-007,SITE-013,CUST-00007,2024-03-19,388,4291.28
SHIP-000118,SITE-008,SITE-005,CUST-00374,2024-12-22,186,1621.92
SHIP-000119,SITE-015,SITE-006,CUST-00302,2025-02-09,94,313.96
SHIP-000120,SITE-011,SITE-010,CUST-00024,2025-09-12,244,2335.08
SHIP-000121,SITE-010,SITE-005,CUST-00075,2025-07-02,301,1742.79
SHIP-000122,SITE-006,SITE-003,CUST-00324,2024-12-19,359,1712.43
SHIP-000123,SITE-009,SITE-011,CUST-00372,2024-09-29,116,1097.36
SHIP-000124,SITE-010,SITE-013,CUST-00281,2026-07-09,60,335.4
SHIP-000125,SITE-011,SITE-005,CUST-00019,2025-03-17,75,648
SHIP-000126,SITE-008,SITE-006,CUST-00209,2025-02-11,129,1046.19
SHIP-000127,SITE-014,SITE-004,CUST-00021,2025-02-11,296,2465.68
SHIP-000128,SITE-013,SITE-015,CUST-00078,2024-05-01,393,4609.89
SHIP-000129,SITE-004,SITE-002,CUST-00172,2024-06-07,368,434.24
SHIP-000130,SITE-015,SITE-006,CUST-00096,2025-04-16,306,1098.54
SHIP-000131,SITE-014,SITE-013,CUST-00226,2026-07-25,105,538.65
SHIP-000132,SITE-014,SITE-007,CUST-00318,2025-02-21,154,1635.48
SHIP-000133,SITE-007,SITE-014,CUST-00057,2026-06-10,233,1025.2
SHIP-000134,SITE-011,SITE-006,CUST-00252,2025-09-11,291,3349.41
SHIP-000135,SITE-001,SITE-003,CUST-00231,2024-10-29,96,723.84
SHIP-000136,SITE-001,SITE-004,CUST-00228,2024-09-06,91,560.56
SHIP-000137,SITE-004,SITE-013,CUST-00322,2024-05-23,36,129.96
SHIP-000138,SITE-001,SITE-007,CUST-00336,2025-05-14,23,43.24
SHIP-000139,SITE-014,SITE-001,CUST-00148,2025-05-01,382,672.32
SHIP-000140,SITE-011,SITE-010,CUST-00303,2026-04-25,278,1095.32
SHIP-000141,SITE-012,SITE-005,CUST-00209,2025-09-22,20,214.4
SHIP-000142,SITE-004,SITE-002,CUST-00268,2026-08-21,84,665.28
SHIP-000143,SITE-011,SITE-015,CUST-00066,2025-12-07,137,1385.07
SHIP-000144,SITE-005,SITE-006,CUST-00391,2025-02-03,372,1514.04
SHIP-000145,SITE-003,SITE-011,CUST-00103,2025-08-07,377,1081.99
SHIP-000146,SITE-004,SITE-006,CUST-00139,2025-11-11,242,2086.04
SHIP-000147,SITE-005,SITE-001,CUST-00352,2024-08-15,91,115.57
SHIP-000148,SITE-007,SITE-005,CUST-00127,2026-03-31,334,828.32
SHIP-000149,SITE-002,SITE-011,CUST-00280,2024-07-16,52,594.88
SHIP-000150,SITE-012,SITE-011,CUST-00202,2024-12-27,68,99.28
SHIP-000151,SITE-010,SITE-006,CUST-00111,2024-07-03,231,1831.83
SHIP-000152,SITE-010,SITE-015,CUST-00267,2025-12-03,46,265.88
SHIP-000153,SITE-006,SITE-013,CUST-00102,2025-01-28,19,213.75
SHIP-000154,SITE-004,SITE-008,CUST-00372,2026-08-13,363,3212.55
SHIP-000155,SITE-002,SITE-008,CUST-00104,2024-12-05,276,2627.52
SHIP-000156,SITE-014,SITE-010,CUST-00330,2024-06-25,97,955.45
SHIP-000157,SITE-003,SITE-008,CUST-00243,2026-07-31,41,269.37
SHIP-000158,SITE-004,SITE-007,CUST-00169,2025-06-07,64,659.2
SHIP-000159,SITE-008,SITE-007,CUST-00103,2026-06-02,341,2543.86
SHIP-000160,SITE-008,SITE-014,CUST-00285,2024-07-10,198,338.58
SHIP-000161,SITE-015,SITE-014,CUST-00248,2025-05-08,310,2123.5
SHIP-000162,SITE-007,SITE-015,CUST-00344,2025-02-10,35,73.85
SHIP-000163,SITE-004,SITE-007,CUST-00180,2024-04-03,319,3336.74
SHIP-000164,SITE-001,SITE-007,CUST-00218,2025-08-06,13,104.78
SHIP-000165,SITE-003,SITE-004,CUST-00323,2024-06-15,397,678.87
SHIP-000166,SITE-010,SITE-009,CUST-00277,2024-04-12,317,922.47
SHIP-000167,SITE-014,SITE-005,CUST-00225,2025-05-18,137,393.19
SHIP-000168,SITE-001,SITE-009,CUST-00162,2024-07-29,175,1776.25
SHIP-000169,SITE-009,SITE-008,CUST-00269,2025-02-16,161,1136.66
SHIP-000170,SITE-008,SITE-002,CUST-00281,2024-04-28,161,679.42
SHIP-000171,SITE-004,SITE-012,CUST-00163,2024-11-04,247,1020.11
SHIP-000172,SITE-014,SITE-010,CUST-00022,2025-11-30,121,145.2
SHIP-000173,SITE-006,SITE-007,CUST-00313,2025-12-03,15,97.95
SHIP-000174,SITE-012,SITE-008,CUST-00150,2024-08-15,137,819.26
SHIP-000175,SITE-013,SITE-002,CUST-00170,2025-06-09,182,336.7
SHIP-000176,SITE-014,SITE-004,CUST-00363,2024-10-15,389,3582.69
SHIP-000177,SITE-013,SITE-003,CUST-00256,2025-03-16,10,32.7
SHIP-000178,SITE-009,SITE-012,CUST-00307,2025-10-05,201,787.92
SHIP-000179,SITE-006,SITE-014,CUST-00127,2025-09-24,192,1979.52
SHIP-000180,SITE-002,SITE-014,CUST-00030,2026-03-15,236,1524.56
SHIP-000181,SITE-015,SITE-011,CUST-00178,2025-04-13,218,1203.36
SHIP-000182,SITE-014,SITE-003,CUST-00135,2024-09-10,370,2878.6
SHIP-000183,SITE-004,SITE-011,CUST-00165,2025-05-09,103,1196.86
SHIP-000184,SITE-015,SITE-011,CUST-00109,2026-03-31,85,673.2
SHIP-000185,SITE-015,SITE-005,CUST-00126,2024-11-29,44,158.84
SHIP-000186,SITE-014,SITE-015,CUST-00163,2025-07-09,76,182.4
SHIP-000187,SITE-014,SITE-003,CUST-00222,2024-07-18,268,356.44
SHIP-000188,SITE-004,SITE-007,CUST-00158,2024-10-08,260,1461.2
SHIP-000189,SITE-006,SITE-015,CUST-00395,2026-03-02,167,146.96
SHIP-000190,SITE-015,SITE-014,CUST-00199,2024-10-31,55,388.3
SHIP-000191,SITE-013,SITE-014,CUST-00377,2024-11-03,64,686.72
SHIP-000192,SITE-003,SITE-005,CUST-00094,2025-07-16,144,381.6
SHIP-000193,SITE-001,SITE-005,CUST-00313,2026-01-16,234,1967.94
SHIP-000194,SITE-015,SITE-011,CUST-00238,2026-03-01,178,1988.26
SHIP-000195,SITE-010,SITE-009,CUST-00140,2024-08-16,28,192.08
SHIP-000196,SITE-010,SITE-001,CUST-00182,2025-07-26,98,556.64
SHIP-000197,SITE-010,SITE-001,CUST-00225,2025-05-10,303,1475.61
SHIP-000198,SITE-006,SITE-010,CUST-00360,2026-06-06,382,2826.8
SHIP-000199,SITE-002,SITE-003,CUST-00040,2026-06-09,298,628.78
SHIP-000200,SITE-015,SITE-008,CUST-00139,2024-08-06,158,1161.3
SHIP-000201,SITE-013,SITE-001,CUST-00289,2025-11-27,149,1095.15
SHIP-000202,SITE-004,SITE-005,CUST-00179,2025-03-22,194,1621.84
SHIP-000203,SITE-013,SITE-014,CUST-00164,2024-04-29,19,140.79
SHIP-000204,SITE-010,SITE-004,CUST-00137,2024-12-19,78,46.02
SHIP-000205,SITE-009,SITE-011,CUST-00313,2024-03-27,13,74.75
SHIP-000206,SITE-006,SITE-013,CUST-00259,2025-12-20,141,720.51
SHIP-000207,SITE-011,SITE-004,CUST-00163,2025-02-12,184,2073.68
SHIP-000208,SITE-009,SITE-012,CUST-00396,2024-03-17,71,416.06
SHIP-000209,SITE-007,SITE-003,CUST-00029,2026-07-04,277,2487.46
SHIP-000210,SITE-009,SITE-013,CUST-00062,2024-09-04,383,1780.95
SHIP-000211,SITE-005,SITE-008,CUST-00351,2024-06-23,181,823.55
SHIP-000212,SITE-006,SITE-007,CUST-00166,2025-06-01,22,238.26
SHIP-000213,SITE-003,SITE-007,CUST-00093,2026-08-18,351,273.78
SHIP-000214,SITE-003,SITE-008,CUST-00334,2024-10-03,214,1992.34
SHIP-000215,SITE-003,SITE-005,CUST-00391,2026-04-25,176,1490.72
SHIP-000216,SITE-002,SITE-013,CUST-00369,2025-01-23,309,2583.24
SHIP-000217,SITE-012,SITE-002,CUST-00353,2025-01-27,206,2467.88
SHIP-000218,SITE-014,SITE-008,CUST-00164,2024-11-05,392,1101.52
SHIP-000219,SITE-004,SITE-007,CUST-00114,2026-03-02,350,2429
SHIP-000220,SITE-015,SITE-007,CUST-00343,2025-06-10,13,46.67
SHIP-000221,SITE-012,SITE-010,CUST-00319,2025-01-11,346,1567.38
SHIP-000222,SITE-010,SITE-011,CUST-00194,2025-06-19,324,3664.44
SHIP-000223,SITE-010,SITE-006,CUST-00109,2025-06-07,370,4021.9
SHIP-000224,SITE-003,SITE-006,CUST-00158,2024-11-04,29,322.77
SHIP-000225,SITE-004,SITE-011,CUST-00355,2024-07-16,74,572.02
SHIP-000226,SITE-007,SITE-009,CUST-00247,2025-04-24,21,232.68
SHIP-000227,SITE-012,SITE-011,CUST-00120,2024-10-15,50,371
SHIP-000228,SITE-012,SITE-005,CUST-00085,2025-01-14,112,215.04
SHIP-000229,SITE-015,SITE-014,CUST-00039,2025-09-30,41,228.37
SHIP-000230,SITE-006,SITE-012,CUST-00134,2025-06-28,250,2035
SHIP-000231,SITE-013,SITE-011,CUST-00366,2025-03-01,54,99.9
SHIP-000232,SITE-008,SITE-010,CUST-00350,2026-08-05,368,1906.24
SHIP-000233,SITE-005,SITE-011,CUST-00053,2024-08-24,145,1102
SHIP-000234,SITE-004,SITE-015,CUST-00042,2025-05-01,259,2465.68
SHIP-000235,SITE-015,SITE-008,CUST-00030,2025-12-10,209,794.2
SHIP-000236,SITE-004,SITE-002,CUST-00044,2025-12-29,215,683.7
SHIP-000237,SITE-013,SITE-009,CUST-00006,2026-03-20,337,2079.29
SHIP-000238,SITE-013,SITE-009,CUST-00347,2024-11-15,255,186.15
SHIP-000239,SITE-009,SITE-001,CUST-00181,2026-08-09,123,1125.45
SHIP-000240,SITE-001,SITE-014,CUST-00236,2024-04-07,219,2144.01
SHIP-000241,SITE-002,SITE-010,CUST-00053,2025-03-19,299,3393.65
SHIP-000242,SITE-003,SITE-012,CUST-00191,2025-06-24,119,659.26
SHIP-000243,SITE-005,SITE-002,CUST-00043,2024-04-02,27,15.93
SHIP-000244,SITE-015,SITE-013,CUST-00101,2026-05-22,39,261.69
SHIP-000245,SITE-004,SITE-006,CUST-00067,2026-08-26,282,1257.72
SHIP-000246,SITE-010,SITE-011,CUST-00324,2024-05-17,349,2907.17
SHIP-000247,SITE-009,SITE-012,CUST-00014,2025-09-14,148,232.36
SHIP-000248,SITE-009,SITE-012,CUST-00360,2024-05-07,242,1558.48
SHIP-000249,SITE-008,SITE-011,CUST-00229,2024-06-05,25,285.25
SHIP-000250,SITE-013,SITE-014,CUST-00212,2024-08-30,6,32.22
SHIP-000251,SITE-006,SITE-005,CUST-00208,2024-12-18,65,625.3
SHIP-000252,SITE-007,SITE-009,CUST-00231,2024-09-16,15,93.3
SHIP-000253,SITE-011,SITE-015,CUST-00208,2026-03-02,211,126.6
SHIP-000254,SITE-005,SITE-015,CUST-00072,2024-10-16,97,1143.63
SHIP-000255,SITE-010,SITE-002,CUST-00044,2026-01-02,288,921.6
SHIP-000256,SITE-012,SITE-009,CUST-00093,2024-11-20,352,3389.76
SHIP-000257,SITE-010,SITE-001,CUST-00102,2026-08-09,38,306.28
SHIP-000258,SITE-010,SITE-006,CUST-00205,2026-01-31,215,950.3
SHIP-000259,SITE-012,SITE-011,CUST-00191,2026-05-25,62,66.96
SHIP-000260,SITE-014,SITE-011,CUST-00054,2026-02-25,35,191.45
SHIP-000261,SITE-007,SITE-012,CUST-00043,2024-08-16,199,278.6
SHIP-000262,SITE-015,SITE-004,CUST-00281,2025-02-18,64,449.92
SHIP-000263,SITE-013,SITE-006,CUST-00271,2024-06-11,274,1693.32
SHIP-000264,SITE-001,SITE-004,CUST-00360,2026-08-27,167,1314.29
SHIP-000265,SITE-006,SITE-014,CUST-00287,2026-08-19,376,2868.88
SHIP-000266,SITE-012,SITE-007,CUST-00153,2024-10-05,154,280.28
SHIP-000267,SITE-009,SITE-006,CUST-00013,2026-06-26,29,173.42
SHIP-000268,SITE-004,SITE-013,CUST-00324,2025-11-23,379,428.27
SHIP-000269,SITE-001,SITE-008,CUST-00286,2025-06-21,212,2198.44
SHIP-000270,SITE-013,SITE-006,CUST-00050,2026-02-27,335,2529.25
SHIP-000271,SITE-009,SITE-005,CUST-00233,2025-07-01,128,508.16
SHIP-000272,SITE-011,SITE-003,CUST-00268,2024-06-23,303,733.26
SHIP-000273,SITE-012,SITE-013,CUST-00108,2024-06-22,83,843.28
SHIP-000274,SITE-010,SITE-008,CUST-00061,2024-10-09,271,249.32
SHIP-000275,SITE-006,SITE-014,CUST-00049,2024-08-10,289,1872.72
SHIP-000276,SITE-010,SITE-012,CUST-00021,2025-09-26,351,1919.97
SHIP-000277,SITE-005,SITE-010,CUST-00027,2025-07-20,314,3340.96
SHIP-000278,SITE-011,SITE-001,CUST-00035,2024-05-05,39,413.79
SHIP-000279,SITE-001,SITE-010,CUST-00393,2024-09-06,276,2533.68
SHIP-000280,SITE-015,SITE-006,CUST-00151,2025-08-03,361,754.49
SHIP-000281,SITE-001,SITE-007,CUST-00113,2026-04-20,273,1051.05
SHIP-000282,SITE-013,SITE-007,CUST-00110,2024-11-22,227,301.91
SHIP-000283,SITE-004,SITE-001,CUST-00149,2024-07-07,289,2748.39
SHIP-000284,SITE-006,SITE-010,CUST-00177,2024-03-21,85,572.9
SHIP-000285,SITE-002,SITE-006,CUST-00190,2024-05-22,267,1917.06
SHIP-000286,SITE-002,SITE-010,CUST-00216,2024-06-06,87,322.77
SHIP-000287,SITE-014,SITE-001,CUST-00081,2026-08-22,381,2693.67
SHIP-000288,SITE-003,SITE-001,CUST-00142,2025-05-08,186,1705.62
SHIP-000289,SITE-011,SITE-010,CUST-00281,2026-07-12,78,671.58
SHIP-000290,SITE-015,SITE-004,CUST-00013,2025-10-18,211,255.31
SHIP-000291,SITE-015,SITE-003,CUST-00230,2025-02-21,134,667.32
SHIP-000292,SITE-013,SITE-005,CUST-00219,2025-11-19,195,1542.45
SHIP-000293,SITE-012,SITE-001,CUST-00191,2025-10-07,233,1884.97
SHIP-000294,SITE-014,SITE-013,CUST-00061,2025-12-31,306,263.16
SHIP-000295,SITE-005,SITE-001,CUST-00320,2024-06-23,339,1759.41
SHIP-000296,SITE-006,SITE-007,CUST-00167,2024-08-09,261,1954.89
SHIP-000297,SITE-010,SITE-009,CUST-00190,2024-09-05,204,2099.16
SHIP-000298,SITE-003,SITE-002,CUST-00364,2025-10-14,13,32.76
SHIP-000299,SITE-014,SITE-005,CUST-00082,2025-01-19,103,430.54
SHIP-000300,SITE-013,SITE-011,CUST-00278,2025-07-10,196,938.84
SHIP-000301,SITE-010,SITE-004,CUST-00376,2025-07-20,242,1611.72
SHIP-000302,SITE-002,SITE-007,CUST-00170,2025-04-11,84,615.72
SHIP-000303,SITE-013,SITE-007,CUST-00323,2026-04-23,390,1361.1
SHIP-000304,SITE-006,SITE-015,CUST-00332,2025-07-24,47,123.14
SHIP-000305,SITE-002,SITE-001,CUST-00320,2025-02-28,317,1185.58
SHIP-000306,SITE-003,SITE-011,CUST-00090,2025-04-23,393,2200.8
SHIP-000307,SITE-014,SITE-006,CUST-00001,2025-01-27,348,3709.68
SHIP-000308,SITE-009,SITE-015,CUST-00290,2025-06-29,255,1545.3
SHIP-000309,SITE-008,SITE-006,CUST-00138,2025-08-31,225,2601
SHIP-000310,SITE-005,SITE-014,CUST-00061,2025-10-22,226,1498.38
SHIP-000311,SITE-002,SITE-010,CUST-00348,2026-01-19,396,966.24
SHIP-000312,SITE-009,SITE-010,CUST-00252,2026-07-21,272,554.88
SHIP-000313,SITE-012,SITE-006,CUST-00213,2026-03-23,180,360
SHIP-000314,SITE-006,SITE-012,CUST-00033,2025-06-17,385,673.75
SHIP-000315,SITE-006,SITE-002,CUST-00126,2024-04-01,345,3067.05
SHIP-000316,SITE-006,SITE-007,CUST-00275,2026-03-29,253,571.78
SHIP-000317,SITE-009,SITE-007,CUST-00289,2025-07-28,340,452.2
SHIP-000318,SITE-007,SITE-004,CUST-00269,2024-05-19,104,665.6
SHIP-000319,SITE-003,SITE-013,CUST-00368,2026-07-15,106,1139.5
SHIP-000320,SITE-013,SITE-001,CUST-00145,2025-10-11,238,2318.12
SHIP-000321,SITE-002,SITE-009,CUST-00220,2024-05-15,8,47.84
SHIP-000322,SITE-007,SITE-014,CUST-00369,2025-02-19,53,589.36
SHIP-000323,SITE-015,SITE-011,CUST-00284,2026-05-07,45,513.45
SHIP-000324,SITE-004,SITE-005,CUST-00054,2025-09-19,379,4169
SHIP-000325,SITE-011,SITE-001,CUST-00309,2024-06-25,320,1174.4
SHIP-000326,SITE-001,SITE-011,CUST-00185,2025-09-26,192,1182.72
SHIP-000327,SITE-010,SITE-002,CUST-00328,2026-02-08,37,391.46
SHIP-000328,SITE-001,SITE-011,CUST-00300,2026-08-05,288,3265.92
SHIP-000329,SITE-012,SITE-014,CUST-00199,2024-10-05,185,105.45
SHIP-000330,SITE-001,SITE-013,CUST-00160,2026-02-16,288,449.28
SHIP-000331,SITE-007,SITE-006,CUST-00053,2025-08-22,168,1004.64
SHIP-000332,SITE-012,SITE-003,CUST-00286,2025-05-18,385,2979.9
SHIP-000333,SITE-006,SITE-004,CUST-00260,2024-08-06,276,2310.12
SHIP-000334,SITE-011,SITE-008,CUST-00302,2024-12-06,71,180.34
SHIP-000335,SITE-003,SITE-002,CUST-00241,2026-07-25,216,775.44
SHIP-000336,SITE-011,SITE-009,CUST-00342,2025-02-19,228,2419.08
SHIP-000337,SITE-006,SITE-014,CUST-00377,2025-03-10,390,1957.8
SHIP-000338,SITE-006,SITE-004,CUST-00028,2024-05-20,379,2198.2
SHIP-000339,SITE-009,SITE-008,CUST-00337,2024-07-23,9,81.09
SHIP-000340,SITE-005,SITE-002,CUST-00227,2024-06-05,98,482.16
SHIP-000341,SITE-006,SITE-002,CUST-00169,2024-10-23,271,214.09
SHIP-000342,SITE-010,SITE-009,CUST-00148,2024-07-23,351,3443.31
SHIP-000343,SITE-009,SITE-012,CUST-00150,2024-07-10,345,3067.05
SHIP-000344,SITE-002,SITE-003,CUST-00101,2024-10-13,174,1160.58
SHIP-000345,SITE-001,SITE-014,CUST-00378,2024-05-12,239,1998.04
SHIP-000346,SITE-010,SITE-007,CUST-00152,2025-07-01,45,467.55
SHIP-000347,SITE-011,SITE-002,CUST-00337,2024-04-27,208,1580.8
SHIP-000348,SITE-002,SITE-005,CUST-00025,2024-05-30,292,1278.96
SHIP-000349,SITE-003,SITE-015,CUST-00049,2025-07-27,284,2164.08
SHIP-000350,SITE-006,SITE-003,CUST-00154,2025-10-19,271,2953.9
SHIP-000351,SITE-010,SITE-006,CUST-00103,2024-12-08,193,330.03
SHIP-000352,SITE-007,SITE-013,CUST-00295,2025-09-08,307,2698.53
SHIP-000353,SITE-010,SITE-007,CUST-00266,2025-02-27,332,1171.96
SHIP-000354,SITE-004,SITE-009,CUST-00184,2026-08-02,268,747.72
SHIP-000355,SITE-014,SITE-010,CUST-00040,2025-11-29,254,1765.3
SHIP-000356,SITE-014,SITE-005,CUST-00336,2024-09-21,57,273.03
SHIP-000357,SITE-004,SITE-003,CUST-00232,2025-09-18,314,2477.46
SHIP-000358,SITE-006,SITE-013,CUST-00096,2025-07-14,169,1590.29
SHIP-000359,SITE-005,SITE-010,CUST-00113,2026-04-01,130,1287
SHIP-000360,SITE-001,SITE-003,CUST-00218,2025-03-01,197,1262.77
SHIP-000361,SITE-001,SITE-005,CUST-00133,2025-07-27,333,1252.08
SHIP-000362,SITE-012,SITE-003,CUST-00089,2025-08-20,174,1920.96
SHIP-000363,SITE-003,SITE-012,CUST-00261,2025-11-26,52,466.96
SHIP-000364,SITE-010,SITE-015,CUST-00229,2026-03-17,51,414.63
SHIP-000365,SITE-015,SITE-003,CUST-00029,2026-04-21,376,624.16
SHIP-000366,SITE-005,SITE-012,CUST-00222,2026-02-01,209,2420.22
SHIP-000367,SITE-008,SITE-010,CUST-00359,2025-11-03,276,1578.72
SHIP-000368,SITE-005,SITE-001,CUST-00345,2025-06-08,111,480.63
SHIP-000369,SITE-010,SITE-009,CUST-00034,2024-07-02,206,2024.98
SHIP-000370,SITE-005,SITE-009,CUST-00367,2024-08-11,373,4420.05
SHIP-000371,SITE-003,SITE-005,CUST-00158,2025-06-12,199,1337.28
SHIP-000372,SITE-015,SITE-004,CUST-00044,2024-05-23,300,615
SHIP-000373,SITE-015,SITE-012,CUST-00214,2026-05-21,194,2073.86
SHIP-000374,SITE-005,SITE-011,CUST-00134,2026-06-01,42,101.22
SHIP-000375,SITE-002,SITE-006,CUST-00001,2026-08-16,138,931.5
SHIP-000376,SITE-013,SITE-006,CUST-00233,2024-05-29,331,3697.27
SHIP-000377,SITE-005,SITE-009,CUST-00247,2025-07-22,37,347.06
SHIP-000378,SITE-013,SITE-002,CUST-00102,2026-08-08,99,511.83
SHIP-000379,SITE-001,SITE-003,CUST-00338,2025-02-14,265,2324.05
SHIP-000380,SITE-008,SITE-009,CUST-00369,2024-04-28,239,234.22
SHIP-000381,SITE-005,SITE-008,CUST-00343,2025-05-25,139,700.56
SHIP-000382,SITE-008,SITE-010,CUST-00295,2025-01-24,389,4415.15
SHIP-000383,SITE-014,SITE-010,CUST-00191,2026-08-17,121,225.06
SHIP-000384,SITE-003,SITE-013,CUST-00177,2025-09-01,173,1738.65
SHIP-000385,SITE-007,SITE-013,CUST-00093,2024-09-15,332,1112.2
SHIP-000386,SITE-010,SITE-015,CUST-00046,2026-01-27,275,2959
SHIP-000387,SITE-012,SITE-013,CUST-00360,2024-09-01,143,426.14
SHIP-000388,SITE-002,SITE-013,CUST-00395,2026-08-30,152,1497.2
SHIP-000389,SITE-010,SITE-004,CUST-00327,2025-11-18,280,2609.6
SHIP-000390,SITE-006,SITE-008,CUST-00236,2025-04-09,28,281.12
SHIP-000391,SITE-013,SITE-004,CUST-00160,2024-08-29,319,459.36
SHIP-000392,SITE-001,SITE-003,CUST-00127,2026-06-20,170,1922.7
SHIP-000393,SITE-007,SITE-011,CUST-00317,2024-07-26,35,157.5
SHIP-000394,SITE-001,SITE-008,CUST-00306,2025-08-15,38,88.92
SHIP-000395,SITE-011,SITE-014,CUST-00077,2024-12-26,6,14.46
SHIP-000396,SITE-008,SITE-001,CUST-00269,2026-08-28,313,519.58
SHIP-000397,SITE-007,SITE-013,CUST-00046,2025-09-04,313,3574.46
SHIP-000398,SITE-005,SITE-009,CUST-00397,2026-06-26,225,711
SHIP-000399,SITE-012,SITE-008,CUST-00042,2025-10-15,20,44.2
SHIP-000400,SITE-015,SITE-004,CUST-00141,2024-05-18,84,593.04
SHIP-000401,SITE-006,SITE-007,CUST-00356,2025-11-21,246,1692.48
SHIP-000402,SITE-007,SITE-003,CUST-00324,2025-01-26,153,425.34
SHIP-000403,SITE-008,SITE-009,CUST-00232,2026-08-15,175,1835.75
SHIP-000404,SITE-005,SITE-004,CUST-00302,2025-08-02,39,140.79
SHIP-000405,SITE-008,SITE-011,CUST-00224,2025-04-09,289,375.7
SHIP-000406,SITE-003,SITE-005,CUST-00186,2025-06-04,313,2109.62
SHIP-000407,SITE-006,SITE-007,CUST-00224,2025-11-15,92,700.12
SHIP-000408,SITE-001,SITE-004,CUST-00260,2025-08-12,182,2014.74
SHIP-000409,SITE-008,SITE-003,CUST-00326,2025-10-06,309,2898.42
SHIP-000410,SITE-014,SITE-002,CUST-00339,2024-07-16,112,406.56
SHIP-000411,SITE-002,SITE-006,CUST-00234,2024-12-18,274,2323.52
SHIP-000412,SITE-002,SITE-008,CUST-00061,2026-07-02,289,1936.3
SHIP-000413,SITE-005,SITE-012,CUST-00121,2025-05-22,6,64.5
SHIP-000414,SITE-012,SITE-015,CUST-00248,2025-11-14,391,3464.26
SHIP-000415,SITE-007,SITE-014,CUST-00247,2025-09-21,297,709.83
SHIP-000416,SITE-002,SITE-005,CUST-00318,2026-07-09,290,1742.9
SHIP-000417,SITE-008,SITE-012,CUST-00143,2026-03-13,204,1175.04
SHIP-000418,SITE-012,SITE-015,CUST-00298,2025-08-27,328,3794.96
SHIP-000419,SITE-005,SITE-015,CUST-00011,2026-01-27,322,412.16
SHIP-000420,SITE-001,SITE-010,CUST-00077,2026-06-12,34,213.18
SHIP-000421,SITE-010,SITE-013,CUST-00283,2025-01-18,272,1811.52
SHIP-000422,SITE-001,SITE-015,CUST-00374,2026-02-18,166,692.22
SHIP-000423,SITE-005,SITE-010,CUST-00096,2026-06-17,236,1316.88
SHIP-000424,SITE-004,SITE-012,CUST-00318,2026-01-13,43,288.96
SHIP-000425,SITE-006,SITE-004,CUST-00067,2026-02-11,49,223.44
SHIP-000426,SITE-002,SITE-008,CUST-00128,2025-07-29,308,893.2
SHIP-000427,SITE-001,SITE-007,CUST-00397,2026-07-16,320,2739.2
SHIP-000428,SITE-013,SITE-005,CUST-00094,2024-12-09,216,1486.08
SHIP-000429,SITE-002,SITE-004,CUST-00040,2025-12-06,119,584.29
SHIP-000430,SITE-002,SITE-004,CUST-00322,2025-03-28,267,590.07
SHIP-000431,SITE-011,SITE-013,CUST-00317,2025-02-01,13,119.08
SHIP-000432,SITE-006,SITE-009,CUST-00171,2026-08-20,324,230.04
SHIP-000433,SITE-005,SITE-010,CUST-00233,2024-07-04,214,130.54
SHIP-000434,SITE-006,SITE-002,CUST-00047,2025-09-05,359,4063.88
SHIP-000435,SITE-002,SITE-001,CUST-00076,2024-06-26,329,3852.59
SHIP-000436,SITE-012,SITE-007,CUST-00203,2025-12-20,66,128.7
SHIP-000437,SITE-015,SITE-011,CUST-00127,2024-09-29,24,211.92
SHIP-000438,SITE-012,SITE-009,CUST-00220,2024-06-13,10,80.1
SHIP-000439,SITE-010,SITE-005,CUST-00379,2024-05-31,179,186.16
SHIP-000440,SITE-009,SITE-008,CUST-00076,2025-01-20,172,1386.32
SHIP-000441,SITE-010,SITE-011,CUST-00248,2026-05-31,316,1267.16
SHIP-000442,SITE-007,SITE-002,CUST-00186,2024-11-06,302,2431.1
SHIP-000443,SITE-009,SITE-014,CUST-00388,2024-04-23,196,1773.8
SHIP-000444,SITE-010,SITE-004,CUST-00367,2024-07-26,378,3466.26
SHIP-000445,SITE-013,SITE-006,CUST-00075,2026-08-20,132,595.32
SHIP-000446,SITE-014,SITE-010,CUST-00213,2025-05-28,400,2520
SHIP-000447,SITE-002,SITE-006,CUST-00356,2026-05-29,176,1664.96
SHIP-000448,SITE-015,SITE-009,CUST-00223,2026-03-20,5,9.55
SHIP-000449,SITE-015,SITE-004,CUST-00338,2024-12-11,83,691.39
SHIP-000450,SITE-001,SITE-014,CUST-00226,2024-12-14,64,730.88
SHIP-000451,SITE-008,SITE-001,CUST-00189,2025-04-26,288,2473.92
SHIP-000452,SITE-012,SITE-008,CUST-00100,2025-01-18,138,1614.6
SHIP-000453,SITE-003,SITE-001,CUST-00345,2025-08-22,362,1603.66
SHIP-000454,SITE-006,SITE-012,CUST-00219,2026-06-11,151,425.82
SHIP-000455,SITE-003,SITE-001,CUST-00351,2026-02-19,90,877.5
SHIP-000456,SITE-002,SITE-005,CUST-00172,2026-08-02,237,1803.57
SHIP-000457,SITE-003,SITE-006,CUST-00310,2024-09-06,138,1167.48
SHIP-000458,SITE-009,SITE-011,CUST-00388,2026-07-08,339,1579.74
SHIP-000459,SITE-006,SITE-005,CUST-00205,2025-03-19,55,519.75
SHIP-000460,SITE-004,SITE-015,CUST-00137,2025-11-14,116,464
SHIP-000461,SITE-001,SITE-005,CUST-00090,2024-04-01,354,842.52
SHIP-000462,SITE-005,SITE-008,CUST-00369,2025-12-30,367,4235.18
SHIP-000463,SITE-004,SITE-014,CUST-00365,2025-12-12,95,816.05
SHIP-000464,SITE-001,SITE-007,CUST-00252,2024-05-06,114,458.28
SHIP-000465,SITE-003,SITE-008,CUST-00294,2025-03-08,97,1088.34
SHIP-000466,SITE-001,SITE-014,CUST-00300,2025-06-05,389,995.84
SHIP-000467,SITE-014,SITE-013,CUST-00055,2025-08-04,215,144.05
SHIP-000468,SITE-011,SITE-015,CUST-00324,2024-09-12,251,2909.09
SHIP-000469,SITE-002,SITE-003,CUST-00375,2025-01-24,130,1201.2
SHIP-000470,SITE-013,SITE-009,CUST-00323,2025-10-19,245,1675.8
SHIP-000471,SITE-013,SITE-006,CUST-00362,2024-09-07,276,1796.76
SHIP-000472,SITE-012,SITE-006,CUST-00228,2024-03-26,186,660.3
SHIP-000473,SITE-002,SITE-014,CUST-00207,2024-04-01,174,1141.44
SHIP-000474,SITE-003,SITE-008,CUST-00255,2024-10-17,365,3149.95
SHIP-000475,SITE-004,SITE-012,CUST-00057,2024-07-11,385,1632.4
SHIP-000476,SITE-007,SITE-005,CUST-00034,2025-05-18,391,1814.24
SHIP-000477,SITE-011,SITE-001,CUST-00044,2026-02-20,146,347.48
SHIP-000478,SITE-005,SITE-008,CUST-00153,2024-03-20,143,194.48
SHIP-000479,SITE-013,SITE-011,CUST-00368,2025-10-28,223,1520.86
SHIP-000480,SITE-012,SITE-011,CUST-00008,2026-05-03,146,448.22
SHIP-000481,SITE-013,SITE-008,CUST-00133,2024-08-22,320,297.6
SHIP-000482,SITE-003,SITE-004,CUST-00323,2025-12-02,308,686.84
SHIP-000483,SITE-004,SITE-007,CUST-00372,2024-09-12,113,232.78
SHIP-000484,SITE-001,SITE-007,CUST-00113,2024-07-29,267,1537.92
SHIP-000485,SITE-003,SITE-008,CUST-00097,2024-08-02,155,796.7
SHIP-000486,SITE-014,SITE-003,CUST-00287,2025-02-18,203,635.39
SHIP-000487,SITE-011,SITE-014,CUST-00156,2024-06-04,172,968.36
SHIP-000488,SITE-014,SITE-009,CUST-00384,2025-10-30,294,670.32
SHIP-000489,SITE-015,SITE-007,CUST-00183,2025-03-06,141,823.44
SHIP-000490,SITE-010,SITE-005,CUST-00376,2025-05-23,283,427.33
SHIP-000491,SITE-007,SITE-014,CUST-00146,2025-04-25,165,886.05
SHIP-000492,SITE-002,SITE-012,CUST-00196,2024-12-19,305,2000.8
SHIP-000493,SITE-003,SITE-011,CUST-00054,2026-03-16,191,1151.73
SHIP-000494,SITE-004,SITE-007,CUST-00152,2024-05-08,78,493.74
SHIP-000495,SITE-008,SITE-005,CUST-00225,2025-09-23,290,2670.9
SHIP-000496,SITE-003,SITE-004,CUST-00283,2026-08-25,298,2285.66
SHIP-000497,SITE-006,SITE-014,CUST-00012,2024-07-15,146,861.4
SHIP-000498,SITE-007,SITE-014,CUST-00168,2026-04-20,153,1364.76
SHIP-000499,SITE-004,SITE-003,CUST-00311,2025-10-30,203,1490.02
SHIP-000500,SITE-010,SITE-012,CUST-00160,2024-07-13,207,1962.36
SHIP-000501,SITE-013,SITE-010,CUST-00347,2024-06-06,221,1040.91
SHIP-000502,SITE-002,SITE-013,CUST-00115,2026-05-28,194,1497.68
SHIP-000503,SITE-011,SITE-013,CUST-00032,2025-07-04,306,3332.34
SHIP-000504,SITE-001,SITE-013,CUST-00385,2025-02-03,75,450.75
SHIP-000505,SITE-012,SITE-001,CUST-00336,2024-04-30,300,1437
SHIP-000506,SITE-005,SITE-015,CUST-00095,2025-01-14,66,778.8
SHIP-000507,SITE-001,SITE-014,CUST-00130,2025-02-18,58,373.52
SHIP-000508,SITE-010,SITE-002,CUST-00066,2025-10-18,215,821.3
SHIP-000509,SITE-004,SITE-012,CUST-00019,2024-06-19,24,117.12
SHIP-000510,SITE-011,SITE-005,CUST-00368,2026-06-15,67,184.92
SHIP-000511,SITE-006,SITE-011,CUST-00250,2025-12-20,72,432.72
SHIP-000512,SITE-010,SITE-011,CUST-00193,2025-12-17,393,2849.25
SHIP-000513,SITE-005,SITE-002,CUST-00047,2024-11-07,155,1247.75
SHIP-000514,SITE-005,SITE-010,CUST-00031,2026-02-22,223,2031.53
SHIP-000515,SITE-015,SITE-005,CUST-00324,2025-03-05,296,3140.56
SHIP-000516,SITE-014,SITE-004,CUST-00259,2024-07-09,169,177.45
SHIP-000517,SITE-005,SITE-009,CUST-00042,2026-01-19,270,3007.8
SHIP-000518,SITE-007,SITE-005,CUST-00220,2025-07-07,128,483.84
SHIP-000519,SITE-012,SITE-013,CUST-00101,2025-09-19,33,393.69
SHIP-000520,SITE-010,SITE-006,CUST-00104,2024-09-21,64,374.4
SHIP-000521,SITE-012,SITE-003,CUST-00044,2026-05-24,307,528.04
SHIP-000522,SITE-003,SITE-006,CUST-00298,2024-12-11,136,516.8
SHIP-000523,SITE-003,SITE-006,CUST-00177,2024-11-19,156,453.96
SHIP-000524,SITE-004,SITE-012,CUST-00059,2025-10-13,120,1134
SHIP-000525,SITE-010,SITE-007,CUST-00203,2025-06-01,239,1101.79
SHIP-000526,SITE-009,SITE-008,CUST-00222,2025-03-07,141,1469.22
SHIP-000527,SITE-002,SITE-007,CUST-00393,2024-10-18,285,780.9
SHIP-000528,SITE-010,SITE-006,CUST-00363,2024-12-24,174,638.58
SHIP-000529,SITE-010,SITE-011,CUST-00040,2025-02-25,257,231.3
SHIP-000530,SITE-012,SITE-014,CUST-00289,2024-09-05,44,211.2
SHIP-000531,SITE-015,SITE-010,CUST-00362,2025-04-26,72,433.44
SHIP-000532,SITE-007,SITE-011,CUST-00319,2024-03-16,400,3592
SHIP-000533,SITE-005,SITE-002,CUST-00058,2024-12-14,237,246.48
SHIP-000534,SITE-006,SITE-010,CUST-00317,2025-11-16,250,2132.5
SHIP-000535,SITE-008,SITE-005,CUST-00183,2024-05-06,286,2511.08
SHIP-000536,SITE-015,SITE-001,CUST-00345,2024-04-02,15,80.1
SHIP-000537,SITE-002,SITE-008,CUST-00138,2026-01-11,81,818.1
SHIP-000538,SITE-012,SITE-004,CUST-00137,2026-01-25,285,769.5
SHIP-000539,SITE-010,SITE-002,CUST-00134,2025-04-27,282,2086.8
SHIP-000540,SITE-015,SITE-009,CUST-00353,2024-05-26,10,40.3
SHIP-000541,SITE-007,SITE-014,CUST-00060,2026-05-19,52,123.24
SHIP-000542,SITE-013,SITE-010,CUST-00212,2026-03-29,148,1585.08
SHIP-000543,SITE-012,SITE-006,CUST-00376,2025-08-16,272,1727.2
SHIP-000544,SITE-014,SITE-004,CUST-00207,2024-08-09,31,315.89
SHIP-000545,SITE-001,SITE-008,CUST-00343,2026-03-23,357,610.47
SHIP-000546,SITE-008,SITE-003,CUST-00135,2024-11-16,335,2100.45
SHIP-000547,SITE-001,SITE-012,CUST-00397,2025-04-01,62,41.54
SHIP-000548,SITE-014,SITE-006,CUST-00071,2026-05-22,248,1458.24
SHIP-000549,SITE-004,SITE-013,CUST-00322,2024-05-31,246,1404.66
SHIP-000550,SITE-002,SITE-003,CUST-00340,2025-12-25,347,2279.79
SHIP-000551,SITE-015,SITE-003,CUST-00103,2024-04-29,42,35.28
SHIP-000552,SITE-014,SITE-003,CUST-00357,2025-05-26,234,2620.8
SHIP-000553,SITE-005,SITE-006,CUST-00061,2024-09-03,197,795.88
SHIP-000554,SITE-004,SITE-005,CUST-00076,2024-03-28,385,743.05
SHIP-000555,SITE-011,SITE-007,CUST-00264,2026-04-07,379,3278.35
SHIP-000556,SITE-001,SITE-007,CUST-00211,2024-10-28,221,1880.71
SHIP-000557,SITE-014,SITE-009,CUST-00088,2025-07-24,83,473.1
SHIP-000558,SITE-001,SITE-002,CUST-00036,2024-08-05,186,2075.76
SHIP-000559,SITE-015,SITE-009,CUST-00294,2024-06-06,89,174.44
SHIP-000560,SITE-002,SITE-011,CUST-00394,2026-08-27,103,554.14
SHIP-000561,SITE-005,SITE-011,CUST-00336,2026-01-14,228,471.96
SHIP-000562,SITE-012,SITE-010,CUST-00101,2026-06-24,12,61.56
SHIP-000563,SITE-011,SITE-004,CUST-00206,2024-11-12,177,1120.41
SHIP-000564,SITE-002,SITE-003,CUST-00322,2024-06-08,305,350.75
SHIP-000565,SITE-002,SITE-010,CUST-00200,2025-09-19,16,119.52
SHIP-000566,SITE-008,SITE-013,CUST-00390,2025-01-09,325,1235
SHIP-000567,SITE-012,SITE-014,CUST-00346,2025-01-13,154,934.78
SHIP-000568,SITE-005,SITE-006,CUST-00150,2025-12-15,390,2035.8
SHIP-000569,SITE-010,SITE-007,CUST-00204,2025-12-28,186,1478.7
SHIP-000570,SITE-005,SITE-003,CUST-00219,2026-04-01,121,346.06
SHIP-000571,SITE-010,SITE-003,CUST-00214,2026-02-13,27,238.14
SHIP-000572,SITE-011,SITE-010,CUST-00116,2024-12-25,223,2000.31
SHIP-000573,SITE-005,SITE-007,CUST-00026,2024-04-08,298,3561.1
SHIP-000574,SITE-014,SITE-011,CUST-00263,2026-01-14,43,466.55
SHIP-000575,SITE-001,SITE-004,CUST-00083,2026-07-25,379,1891.21
SHIP-000576,SITE-004,SITE-014,CUST-00109,2026-08-06,45,165.15
SHIP-000577,SITE-004,SITE-014,CUST-00269,2026-03-19,107,663.4
SHIP-000578,SITE-001,SITE-013,CUST-00016,2026-06-11,376,240.64
SHIP-000579,SITE-002,SITE-004,CUST-00171,2026-01-30,174,2018.4
SHIP-000580,SITE-007,SITE-014,CUST-00100,2024-07-27,319,3694.02
SHIP-000581,SITE-011,SITE-007,CUST-00251,2025-03-28,15,132.6
SHIP-000582,SITE-008,SITE-010,CUST-00065,2026-01-21,135,903.15
SHIP-000583,SITE-002,SITE-003,CUST-00176,2026-06-01,198,1007.82
SHIP-000584,SITE-012,SITE-001,CUST-00289,2026-02-24,216,950.4
SHIP-000585,SITE-011,SITE-003,CUST-00387,2024-09-20,219,216.81
SHIP-000586,SITE-005,SITE-008,CUST-00226,2024-03-29,218,2522.26
SHIP-000587,SITE-002,SITE-014,CUST-00366,2024-04-30,347,3400.6
SHIP-000588,SITE-002,SITE-008,CUST-00090,2025-07-28,398,1599.96
SHIP-000589,SITE-001,SITE-006,CUST-00331,2024-11-04,59,680.27
SHIP-000590,SITE-004,SITE-008,CUST-00066,2025-11-03,233,1185.97
SHIP-000591,SITE-014,SITE-008,CUST-00167,2026-02-02,389,1633.8
SHIP-000592,SITE-001,SITE-004,CUST-00081,2025-12-15,164,1272.64
SHIP-000593,SITE-006,SITE-002,CUST-00195,2026-06-15,76,627.76
SHIP-000594,SITE-007,SITE-003,CUST-00264,2026-08-03,300,468
SHIP-000595,SITE-007,SITE-006,CUST-00233,2024-09-27,245,2398.55
SHIP-000596,SITE-014,SITE-011,CUST-00146,2025-12-21,91,739.83
SHIP-000597,SITE-013,SITE-014,CUST-00293,2024-12-25,171,2005.83
SHIP-000598,SITE-002,SITE-003,CUST-00291,2025-08-23,345,2684.1
SHIP-000599,SITE-001,SITE-008,CUST-00201,2025-12-15,363,3477.54
SHIP-000600,SITE-005,SITE-010,CUST-00320,2026-05-08,170,1091.4
SHIP-000601,SITE-013,SITE-003,CUST-00318,2024-11-30,60,123
SHIP-000602,SITE-007,SITE-001,CUST-00122,2024-03-24,185,558.7
SHIP-000603,SITE-006,SITE-012,CUST-00157,2024-11-16,373,2152.21
SHIP-000604,SITE-003,SITE-002,CUST-00384,2025-12-04,345,3015.3
SHIP-000605,SITE-005,SITE-003,CUST-00151,2024-10-02,238,861.56
SHIP-000606,SITE-001,SITE-011,CUST-00070,2025-06-08,125,641.25
SHIP-000607,SITE-006,SITE-013,CUST-00236,2024-07-09,81,501.39
SHIP-000608,SITE-015,SITE-004,CUST-00392,2025-12-29,350,2667
SHIP-000609,SITE-012,SITE-005,CUST-00156,2024-11-10,326,2412.4
SHIP-000610,SITE-004,SITE-005,CUST-00145,2025-10-15,192,2286.72
SHIP-000611,SITE-005,SITE-004,CUST-00364,2025-01-15,189,1181.25
SHIP-000612,SITE-008,SITE-006,CUST-00168,2024-10-10,353,1224.91
SHIP-000613,SITE-015,SITE-006,CUST-00368,2024-11-26,333,3150.18
SHIP-000614,SITE-014,SITE-011,CUST-00072,2024-07-14,45,80.1
SHIP-000615,SITE-008,SITE-005,CUST-00194,2024-08-26,123,369
SHIP-000616,SITE-008,SITE-010,CUST-00181,2025-06-03,364,2478.84
SHIP-000617,SITE-013,SITE-009,CUST-00006,2025-05-31,33,135.3
SHIP-000618,SITE-013,SITE-010,CUST-00370,2026-06-28,257,498.58
SHIP-000619,SITE-008,SITE-010,CUST-00354,2025-07-05,384,4343.04
SHIP-000620,SITE-003,SITE-002,CUST-00234,2026-04-19,314,609.16
SHIP-000621,SITE-005,SITE-015,CUST-00147,2024-04-07,186,1990.2
SHIP-000622,SITE-011,SITE-007,CUST-00366,2026-01-23,147,1180.41
SHIP-000623,SITE-006,SITE-013,CUST-00333,2025-05-11,101,1011.01
SHIP-000624,SITE-002,SITE-011,CUST-00167,2025-08-09,387,1834.38
SHIP-000625,SITE-005,SITE-008,CUST-00291,2024-12-17,342,3365.28
SHIP-000626,SITE-004,SITE-006,CUST-00205,2025-03-19,302,2222.72
SHIP-000627,SITE-001,SITE-008,CUST-00133,2025-09-22,86,479.02
SHIP-000628,SITE-010,SITE-011,CUST-00294,2024-08-21,119,1149.54
SHIP-000629,SITE-001,SITE-010,CUST-00203,2024-09-22,180,1625.4
SHIP-000630,SITE-015,SITE-009,CUST-00372,2025-07-24,141,829.08
SHIP-000631,SITE-006,SITE-002,CUST-00241,2025-08-18,143,732.16
SHIP-000632,SITE-007,SITE-004,CUST-00320,2024-11-17,219,661.38
SHIP-000633,SITE-012,SITE-010,CUST-00321,2025-05-13,257,501.15
SHIP-000634,SITE-006,SITE-012,CUST-00184,2026-03-30,397,4029.55
SHIP-000635,SITE-008,SITE-009,CUST-00312,2024-08-26,253,1047.42
SHIP-000636,SITE-013,SITE-005,CUST-00355,2025-02-15,214,1855.38
SHIP-000637,SITE-002,SITE-006,CUST-00158,2025-04-30,146,106.58
SHIP-000638,SITE-010,SITE-002,CUST-00341,2026-07-29,297,1485
SHIP-000639,SITE-014,SITE-007,CUST-00192,2026-01-31,288,1535.04
SHIP-000640,SITE-002,SITE-006,CUST-00393,2026-06-29,213,1976.64
SHIP-000641,SITE-013,SITE-010,CUST-00287,2026-04-07,59,541.62
SHIP-000642,SITE-008,SITE-015,CUST-00137,2026-02-06,396,894.96
SHIP-000643,SITE-011,SITE-014,CUST-00134,2024-12-10,177,706.23
SHIP-000644,SITE-007,SITE-002,CUST-00038,2026-04-21,133,1560.09
SHIP-000645,SITE-006,SITE-009,CUST-00111,2026-04-19,87,178.35
SHIP-000646,SITE-011,SITE-002,CUST-00078,2025-04-21,345,434.7
SHIP-000647,SITE-008,SITE-001,CUST-00007,2024-05-24,87,742.98
SHIP-000648,SITE-004,SITE-006,CUST-00349,2025-11-20,364,1903.72
SHIP-000649,SITE-010,SITE-009,CUST-00119,2025-07-13,101,57.57
SHIP-000650,SITE-007,SITE-003,CUST-00291,2024-11-09,197,141.84
SHIP-000651,SITE-002,SITE-004,CUST-00131,2025-03-03,317,963.68
SHIP-000652,SITE-003,SITE-013,CUST-00059,2024-07-17,98,706.58
SHIP-000653,SITE-014,SITE-003,CUST-00288,2026-08-11,179,209.43
SHIP-000654,SITE-005,SITE-002,CUST-00014,2025-09-20,9,83.97
SHIP-000655,SITE-009,SITE-008,CUST-00012,2026-01-25,111,981.24
SHIP-000656,SITE-005,SITE-004,CUST-00318,2024-12-25,207,223.56
SHIP-000657,SITE-001,SITE-013,CUST-00015,2025-12-17,363,1902.12
SHIP-000658,SITE-010,SITE-002,CUST-00279,2026-03-18,317,2193.64
SHIP-000659,SITE-004,SITE-008,CUST-00044,2024-05-22,253,129.03
SHIP-000660,SITE-006,SITE-010,CUST-00107,2025-02-26,222,2177.82
SHIP-000661,SITE-005,SITE-002,CUST-00183,2024-07-16,82,45.92
SHIP-000662,SITE-011,SITE-001,CUST-00324,2025-11-20,109,268.14
SHIP-000663,SITE-003,SITE-001,CUST-00300,2025-12-22,110,1025.2
SHIP-000664,SITE-008,SITE-012,CUST-00333,2025-05-27,297,629.64
SHIP-000665,SITE-009,SITE-005,CUST-00264,2024-06-22,387,758.52
SHIP-000666,SITE-008,SITE-001,CUST-00164,2024-04-06,288,2992.32
SHIP-000667,SITE-009,SITE-010,CUST-00059,2025-02-08,25,254.25
SHIP-000668,SITE-008,SITE-003,CUST-00127,2025-05-04,300,1131
SHIP-000669,SITE-005,SITE-008,CUST-00077,2026-07-16,183,428.22
SHIP-000670,SITE-004,SITE-005,CUST-00060,2026-06-16,58,156.6
SHIP-000671,SITE-005,SITE-001,CUST-00136,2026-01-24,343,2960.09
SHIP-000672,SITE-008,SITE-015,CUST-00332,2024-04-26,196,1132.88
SHIP-000673,SITE-015,SITE-012,CUST-00055,2025-05-06,395,1982.9
SHIP-000674,SITE-004,SITE-008,CUST-00358,2026-02-01,363,4105.53
SHIP-000675,SITE-012,SITE-001,CUST-00387,2024-10-10,319,2867.81
SHIP-000676,SITE-004,SITE-014,CUST-00342,2025-04-16,107,1126.71
SHIP-000677,SITE-007,SITE-013,CUST-00142,2025-10-07,15,171.6
SHIP-000678,SITE-005,SITE-010,CUST-00307,2025-03-26,268,2562.08
SHIP-000679,SITE-011,SITE-007,CUST-00359,2024-08-23,160,724.8
SHIP-000680,SITE-006,SITE-001,CUST-00300,2026-08-03,389,2053.92
SHIP-000681,SITE-007,SITE-014,CUST-00024,2024-11-18,16,44.16
SHIP-000682,SITE-012,SITE-013,CUST-00372,2024-04-12,18,50.22
SHIP-000683,SITE-007,SITE-005,CUST-00010,2026-07-30,340,278.8
SHIP-000684,SITE-002,SITE-003,CUST-00115,2025-02-17,106,991.1
SHIP-000685,SITE-005,SITE-006,CUST-00284,2026-05-01,385,2036.65
SHIP-000686,SITE-001,SITE-011,CUST-00260,2024-04-10,168,1550.64
SHIP-000687,SITE-006,SITE-010,CUST-00324,2026-01-29,301,662.2
SHIP-000688,SITE-007,SITE-005,CUST-00182,2024-03-15,254,660.4
SHIP-000689,SITE-012,SITE-013,CUST-00125,2026-02-16,227,1339.3
SHIP-000690,SITE-007,SITE-009,CUST-00270,2025-11-13,377,927.42
SHIP-000691,SITE-014,SITE-013,CUST-00178,2025-11-07,143,1578.72
SHIP-000692,SITE-015,SITE-004,CUST-00350,2025-08-04,181,881.47
SHIP-000693,SITE-011,SITE-004,CUST-00051,2025-06-30,31,258.23
SHIP-000694,SITE-015,SITE-003,CUST-00109,2026-08-17,90,583.2
SHIP-000695,SITE-007,SITE-005,CUST-00283,2026-05-18,302,2570.02
SHIP-000696,SITE-010,SITE-011,CUST-00359,2025-01-30,368,1453.6
SHIP-000697,SITE-005,SITE-015,CUST-00274,2025-10-17,367,2161.63
SHIP-000698,SITE-015,SITE-013,CUST-00269,2024-03-14,314,3435.16
SHIP-000699,SITE-009,SITE-004,CUST-00359,2025-05-14,240,676.8
SHIP-000700,SITE-005,SITE-004,CUST-00166,2025-07-23,298,1057.9
SHIP-000701,SITE-011,SITE-010,CUST-00059,2025-05-22,36,383.04
SHIP-000702,SITE-014,SITE-011,CUST-00271,2024-12-31,33,320.43
SHIP-000703,SITE-009,SITE-005,CUST-00157,2024-03-16,382,2024.6
SHIP-000704,SITE-008,SITE-004,CUST-00312,2024-07-19,116,822.44
SHIP-000705,SITE-011,SITE-013,CUST-00037,2025-12-20,90,495.9
SHIP-000706,SITE-001,SITE-012,CUST-00011,2025-06-24,144,305.28
SHIP-000707,SITE-008,SITE-007,CUST-00140,2026-04-14,168,950.88
SHIP-000708,SITE-004,SITE-001,CUST-00069,2025-08-25,83,932.09
SHIP-000709,SITE-015,SITE-011,CUST-00017,2025-04-26,241,1229.1
SHIP-000710,SITE-002,SITE-013,CUST-00397,2026-04-26,376,624.16
SHIP-000711,SITE-002,SITE-006,CUST-00078,2025-07-05,312,2804.88
SHIP-000712,SITE-013,SITE-001,CUST-00025,2024-11-20,52,240.24
SHIP-000713,SITE-012,SITE-004,CUST-00356,2024-06-25,372,3165.72
SHIP-000714,SITE-006,SITE-009,CUST-00098,2025-11-14,311,3393.01
SHIP-000715,SITE-007,SITE-006,CUST-00010,2025-09-28,290,240.7
SHIP-000716,SITE-015,SITE-005,CUST-00029,2026-01-27,365,1470.95
SHIP-000717,SITE-011,SITE-008,CUST-00113,2026-08-03,214,2538.04
SHIP-000718,SITE-001,SITE-008,CUST-00335,2025-10-11,184,239.2
SHIP-000719,SITE-012,SITE-015,CUST-00194,2026-02-19,372,401.76
SHIP-000720,SITE-012,SITE-010,CUST-00210,2026-06-04,188,274.48
SHIP-000721,SITE-012,SITE-005,CUST-00138,2024-08-10,177,1115.1
SHIP-000722,SITE-005,SITE-001,CUST-00251,2025-07-15,266,3051.02
SHIP-000723,SITE-011,SITE-010,CUST-00252,2024-05-09,361,2129.9
SHIP-000724,SITE-010,SITE-008,CUST-00368,2025-03-15,327,2576.76
SHIP-000725,SITE-001,SITE-005,CUST-00047,2026-06-08,276,1708.44
SHIP-000726,SITE-008,SITE-012,CUST-00138,2026-02-08,24,24.48
SHIP-000727,SITE-009,SITE-010,CUST-00230,2024-06-02,222,2337.66
SHIP-000728,SITE-015,SITE-011,CUST-00383,2024-06-18,201,373.86
SHIP-000729,SITE-014,SITE-011,CUST-00255,2026-08-11,262,2247.96
SHIP-000730,SITE-005,SITE-011,CUST-00208,2025-09-03,244,214.72
SHIP-000731,SITE-003,SITE-005,CUST-00031,2026-05-09,390,4516.2
SHIP-000732,SITE-008,SITE-006,CUST-00344,2025-08-10,358,2774.5
SHIP-000733,SITE-012,SITE-014,CUST-00249,2025-06-18,221,956.93
SHIP-000734,SITE-007,SITE-010,CUST-00256,2025-07-28,42,390.6
SHIP-000735,SITE-002,SITE-014,CUST-00211,2026-03-25,386,3253.98
SHIP-000736,SITE-014,SITE-009,CUST-00363,2025-10-22,322,2463.3
SHIP-000737,SITE-007,SITE-012,CUST-00289,2026-01-13,380,2321.8
SHIP-000738,SITE-008,SITE-005,CUST-00292,2025-01-25,226,1719.86
SHIP-000739,SITE-003,SITE-002,CUST-00192,2026-06-20,121,590.48
SHIP-000740,SITE-010,SITE-002,CUST-00207,2024-12-20,140,1640.8
SHIP-000741,SITE-003,SITE-014,CUST-00350,2024-07-12,268,3012.32
SHIP-000742,SITE-001,SITE-012,CUST-00214,2025-12-14,127,929.64
SHIP-000743,SITE-001,SITE-005,CUST-00347,2026-02-12,267,1647.39
SHIP-000744,SITE-015,SITE-008,CUST-00327,2025-04-07,13,140.53
SHIP-000745,SITE-003,SITE-011,CUST-00175,2025-04-09,183,234.24
SHIP-000746,SITE-002,SITE-009,CUST-00083,2025-09-17,312,1984.32
SHIP-000747,SITE-005,SITE-014,CUST-00065,2025-02-20,262,1577.24
SHIP-000748,SITE-013,SITE-004,CUST-00337,2024-11-17,253,1783.65
SHIP-000749,SITE-012,SITE-006,CUST-00269,2024-03-21,259,505.05
SHIP-000750,SITE-011,SITE-002,CUST-00139,2026-02-07,251,1721.86
SHIP-000751,SITE-014,SITE-001,CUST-00247,2026-06-21,164,1359.56
SHIP-000752,SITE-008,SITE-012,CUST-00347,2025-06-22,158,139.04
SHIP-000753,SITE-010,SITE-001,CUST-00277,2026-01-24,47,430.05
SHIP-000754,SITE-013,SITE-008,CUST-00091,2025-10-15,321,1466.97
SHIP-000755,SITE-008,SITE-001,CUST-00236,2024-07-08,229,247.32
SHIP-000756,SITE-009,SITE-015,CUST-00294,2024-06-01,271,2579.92
SHIP-000757,SITE-010,SITE-007,CUST-00132,2024-10-15,120,337.2
SHIP-000758,SITE-001,SITE-003,CUST-00053,2025-03-11,30,27
SHIP-000759,SITE-003,SITE-012,CUST-00328,2024-04-01,328,432.96
SHIP-000760,SITE-008,SITE-004,CUST-00189,2025-09-24,64,661.12
SHIP-000761,SITE-008,SITE-004,CUST-00289,2026-06-20,243,294.03
SHIP-000762,SITE-014,SITE-005,CUST-00389,2024-07-06,220,314.6
SHIP-000763,SITE-015,SITE-009,CUST-00366,2024-04-05,228,934.8
SHIP-000764,SITE-005,SITE-002,CUST-00068,2026-01-26,28,254.24
SHIP-000765,SITE-013,SITE-004,CUST-00205,2026-03-30,89,838.38
SHIP-000766,SITE-004,SITE-006,CUST-00089,2025-04-08,242,2698.3
SHIP-000767,SITE-003,SITE-004,CUST-00176,2024-04-20,89,472.59
SHIP-000768,SITE-004,SITE-008,CUST-00089,2026-03-26,394,2891.96
SHIP-000769,SITE-014,SITE-013,CUST-00089,2026-08-29,114,888.06
SHIP-000770,SITE-002,SITE-008,CUST-00193,2025-08-02,92,1017.52
SHIP-000771,SITE-003,SITE-015,CUST-00287,2026-06-18,118,1012.44
SHIP-000772,SITE-007,SITE-011,CUST-00304,2025-10-19,138,869.4
SHIP-000773,SITE-006,SITE-013,CUST-00161,2025-12-22,325,884
SHIP-000774,SITE-004,SITE-015,CUST-00238,2025-04-13,339,2210.28
SHIP-000775,SITE-009,SITE-014,CUST-00303,2025-09-05,63,430.29
SHIP-000776,SITE-010,SITE-002,CUST-00283,2026-01-16,77,874.72
SHIP-000777,SITE-012,SITE-007,CUST-00171,2024-04-12,30,310.8
SHIP-000778,SITE-011,SITE-015,CUST-00272,2024-04-03,392,3371.2
SHIP-000779,SITE-002,SITE-005,CUST-00013,2024-11-29,348,755.16
SHIP-000780,SITE-013,SITE-001,CUST-00279,2025-11-04,321,423.72
SHIP-000781,SITE-011,SITE-013,CUST-00165,2024-11-29,214,1928.14
SHIP-000782,SITE-008,SITE-011,CUST-00349,2024-08-13,202,915.06
SHIP-000783,SITE-004,SITE-011,CUST-00108,2024-12-21,358,2810.3
SHIP-000784,SITE-010,SITE-009,CUST-00269,2025-05-06,318,1132.08
SHIP-000785,SITE-015,SITE-003,CUST-00267,2026-03-15,150,760.5
SHIP-000786,SITE-001,SITE-007,CUST-00130,2025-09-17,109,82.84
SHIP-000787,SITE-003,SITE-015,CUST-00017,2025-08-01,359,3414.09
SHIP-000788,SITE-003,SITE-006,CUST-00279,2025-12-26,125,688.75
SHIP-000789,SITE-004,SITE-012,CUST-00092,2024-04-20,383,3278.48
SHIP-000790,SITE-001,SITE-003,CUST-00197,2025-10-15,305,1061.4
SHIP-000791,SITE-010,SITE-004,CUST-00302,2024-07-24,25,88.25
SHIP-000792,SITE-012,SITE-005,CUST-00323,2025-05-29,75,609.75
SHIP-000793,SITE-011,SITE-001,CUST-00016,2024-09-23,239,382.4
SHIP-000794,SITE-010,SITE-012,CUST-00268,2024-08-07,142,201.64
SHIP-000795,SITE-013,SITE-011,CUST-00123,2025-11-07,384,2246.4
SHIP-000796,SITE-009,SITE-011,CUST-00113,2026-02-24,16,166.72
SHIP-000797,SITE-013,SITE-015,CUST-00111,2026-08-03,277,296.39
SHIP-000798,SITE-014,SITE-008,CUST-00065,2026-02-07,299,3013.92
SHIP-000799,SITE-015,SITE-008,CUST-00161,2026-08-04,332,561.08
SHIP-000800,SITE-003,SITE-011,CUST-00358,2025-10-31,181,599.11
